學號,10101學籍狀態,10102學籍狀態,10201學籍狀態,10202學籍狀態,10301學籍狀態,10302學籍狀態,10401學籍狀態,10402學籍狀態,10101期中預警科目,10102期中預警科目,10201期中預警科目,10202期中預警科目,10301期中預警科目,10302期中預警科目,10401期中預警科目,10402期中預警科目,10101期中預警學分數,10102期中預警學分數,10201期中預警學分數,10202期中預警學分數,10301期中預警學分數,10302期中預警學分數,10401期中預警學分數,10402期中預警學分數,大一憂鬱篩檢
410076131,正常,休學,休學,休學,休學,正常,-,-,-,-,-,-,-,-,-,-,0,0,0,0,0,0,0,0,-
410076132,正常,正常,正常,正常,正常,正常,-,-,-,1.土地法; ,-,-,-,-,-,-,0,2,0,0,0,0,0,0,-
410076133,正常,正常,正常,正常,正常,正常,-,-,1.民法物權編（一）; ,-,1.環境規劃; ,1.災害管理; ,-,-,-,-,2,0,2,2,0,0,0,0,-
410076134,正常,正常,正常,正常,正常,正常,-,-,1.佛學概論; 2.土地經濟學; ,1.民法概要; ,-,-,-,1.土地法; ,-,-,4,3,0,0,0,2,0,0,-
410076135,正常,正常,正常,正常,正常,正常,-,-,-,-,-,-,-,-,-,-,0,0,0,0,0,0,0,0,-
410076136,正常,正常,正常,正常,正常,正常,-,-,-,-,-,-,-,1.微積分; ,-,-,0,0,0,0,0,3,0,0,-
410076137,正常,正常,正常,正常,正常,正常,-,-,-,1.民法物權編（二）; ,-,-,1.分區使用管制; ,-,-,-,0,2,0,0,2,0,0,0,-
410076138,正常,正常,正常,正常,正常,正常,-,-,-,1.土地法; ,-,-,1.體育：室內飛輪; ,-,-,-,0,2,0,0,0,0,0,0,-
410080099,正常,正常,-,-,-,-,-,-,-,-,-,-,-,-,-,-,0,0,0,0,0,0,0,0,-
410081056,正常,正常,正常,正常,正常,正常,-,-,-,-,-,-,-,-,-,-,0,0,0,0,0,0,0,0,-
410081057,正常,正常,正常,正常,正常,正常,-,-,-,-,-,-,-,-,-,-,0,0,0,0,0,0,0,0,-
410081058,正常,正常,正常,正常,正常,正常,正常,正常,-,1.詩選及習作; 2.大學英文; ,-,-,1.社會思想史; ,-,-,-,0,4,0,0,3,0,0,0,-
410082099,正常,正常,正常,正常,正常,正常,正常,正常,-,-,-,-,-,-,-,-,0,0,0,0,0,0,0,0,-
410172092,正常,正常,正常,正常,正常,正常,正常,正常,-,-,1.個體經濟學; ,-,-,-,-,1.高級會計學; ,0,0,3,0,0,0,0,3,-
410174201,正常,正常,正常,正常,正常,正常,正常,正常,-,-,-,-,-,-,-,-,0,0,0,0,0,0,0,0,-
410174202,正常,正常,正常,正常,正常,正常,正常,正常,1.大學英文; ,1.社會統計; ,1.社會思想史; ,-,-,-,-,-,2,3,3,0,0,0,0,0,-
410174203,正常,正常,正常,正常,正常,正常,正常,正常,-,-,1.社會思想史; ,-,-,-,1.生命歷程研究; ,-,0,0,3,0,0,0,3,0,-
410174204,正常,正常,正常,正常,正常,正常,正常,正常,-,-,-,-,-,-,-,-,0,0,0,0,0,0,0,0,-
410174205,正常,正常,正常,正常,正常,正常,正常,正常,-,-,-,-,-,-,1.台灣史（一）; 2.長期照顧; ,-,0,0,0,0,0,0,5,0,-
410174206,正常,正常,正常,正常,正常,正常,正常,正常,-,-,1.社會思想史; ,-,-,-,-,-,0,0,3,0,0,0,0,0,-
410174207,正常,正常,正常,正常,正常,正常,正常,正常,-,1.專業英文：商用英文口說訓練; ,1.社會思想史; ,-,1.消費與社會; 2.旅行與社會; ,-,-,1.影像處理導論; ,0,2,3,0,6,0,0,3,-
410174208,正常,正常,正常,正常,正常,正常,正常,正常,-,1.綠色科技與永續發展; 2.社會統計實習; ,1.社會思想史; ,-,-,1.世界音樂與多元文化; ,-,-,0,3,3,0,0,2,0,0,-
410174209,正常,正常,正常,正常,正常,正常,正常,正常,-,-,1.社會思想史; ,-,-,1.公共議題之經濟分析; ,-,-,0,0,3,0,0,2,0,0,-
410174210,正常,正常,正常,正常,正常,正常,正常,正常,-,-,1.社會思想史; 2.微積分; ,-,1.消費與社會; 2.旅行與社會; ,-,-,-,0,0,6,0,6,0,0,0,-
410174211,正常,正常,正常,正常,正常,正常,正常,正常,-,-,1.專業英文：文化與觀光; 2.社會思想史; ,-,-,1.世界音樂與多元文化; ,1.體育：室內飛輪; ,-,0,0,5,0,0,2,0,0,-
410174212,正常,正常,正常,正常,正常,正常,正常,正常,-,1.創意與設計; 2.社會統計; 3.社會統計實習; ,1.社會思想史; 2.哲學概論; ,1.運動與健康; 2.管理與美好人生; ,1.公共空間與集體記憶; ,-,1.資料採礦; 2.顧客關係管理; ,1.同性戀研究; ,0,6,5,4,2,0,6,3,-
410174213,正常,正常,正常,正常,正常,正常,正常,正常,-,1.專業英文：商用英文口說訓練; ,-,-,-,-,-,-,0,2,0,0,0,0,0,0,-
410174214,正常,正常,正常,正常,正常,正常,正常,正常,1.社會統計; ,-,-,-,1.消費與社會; 2.人口學; ,-,1.人力資源管理; ,-,3,0,0,0,6,0,3,0,-
410174215,正常,正常,正常,正常,正常,正常,正常,正常,-,1.社會統計; ,1.社會思想史; ,-,1.體育：室內飛輪; 2.消費與社會; 3.社會心理學; 4.旅行與社會; ,-,-,-,0,3,3,0,9,0,0,0,-
410174216,正常,正常,正常,正常,正常,正常,正常,正常,-,-,-,-,-,-,-,-,0,0,0,0,0,0,0,0,-
410174217,正常,正常,正常,正常,正常,正常,正常,正常,-,-,1.社會思想史; ,-,-,-,-,-,0,0,3,0,0,0,0,0,★★★★ 亟需關懷
410174218,正常,正常,正常,正常,正常,正常,正常,正常,-,-,-,-,-,-,-,-,0,0,0,0,0,0,0,0,-
410174219,正常,正常,正常,正常,正常,正常,正常,正常,-,-,-,-,1.體育：室內飛輪; 2.人口學; ,-,-,-,0,0,0,0,3,0,0,0,★★★★ 亟需關懷
410174220,正常,正常,正常,正常,正常,正常,正常,正常,-,-,1.社會思想史; ,-,-,-,-,-,0,0,3,0,0,0,0,0,-
410174221,正常,正常,正常,正常,-,-,-,-,-,-,-,-,-,-,-,-,0,0,0,0,0,0,0,0,-
410174222,正常,正常,正常,正常,正常,正常,正常,正常,-,-,1.社會思想史; ,-,1.消費與社會; 2.社會心理學; ,1.日文一年班; ,-,-,0,0,3,0,6,2,0,0,-
410174223,正常,休學,正常,-,-,-,-,-,-,-,-,-,-,-,-,-,0,0,0,0,0,0,0,0,-
410174224,正常,正常,正常,正常,正常,正常,正常,正常,-,1.社會統計; ,1.社會思想史; ,-,1.消費與社會; 2.旅行與社會; 3.體育：羽球; 4.人口學; ,1.歐洲聯盟：跨國法律與政策; ,-,-,0,3,3,0,9,2,0,0,-
410174225,正常,正常,正常,正常,正常,正常,正常,正常,-,-,1.社會思想史; ,-,1.消費與社會; 2.社會心理學; 3.旅行與社會; 4.體育：羽球; 5.社會思想史; ,1.日文一年班; 2.社會組織; ,-,1.服務學習與社會責任; ,0,0,3,0,12,5,0,2,-
410174226,正常,正常,正常,正常,正常,正常,正常,正常,-,-,1.社會思想史; ,-,1.消費與社會; 2.總體經濟學; ,1.經濟思想史; ,-,1.賽局理論（一）; 2.個體經濟學; ,0,0,3,0,6,2,0,6,-
410174227,正常,正常,正常,正常,正常,正常,正常,正常,-,-,1.社會思想史; ,1.體育：羽球; ,-,-,-,-,0,0,3,0,0,0,0,0,-
410174228,正常,正常,正常,-,-,-,-,-,-,1.社會統計實習; ,-,-,-,-,-,-,0,1,0,0,0,0,0,0,-
410174229,正常,正常,正常,正常,正常,正常,正常,正常,-,1.體育：網球; ,1.社會思想史; ,-,-,-,-,-,0,0,3,0,0,0,0,0,-
410174230,正常,正常,正常,正常,正常,正常,正常,正常,-,1.專業英文：商用英文口說訓練; 2.體育：排球; ,-,-,1.體育：室內飛輪; ,-,-,-,0,2,0,0,0,0,0,0,-
410174231,正常,正常,正常,正常,正常,正常,正常,正常,1.體育：游泳; ,1.體育：游泳; 2.紀錄片中的臺灣歷史人物（二）; 3.社會統計; 4.社會統計實習; ,1.社會思想史; 2.哲學概論; ,1.管理與美好人生; ,-,1.宋元明清佛教史; 2.體育：桌球; ,-,-,0,6,5,2,0,2,0,0,-
410174232,正常,正常,正常,正常,正常,正常,正常,正常,-,-,1.社會思想史; ,1.投資學; ,1.社會思想史; ,-,-,-,0,0,3,3,3,0,0,0,-
410174233,正常,正常,正常,正常,正常,正常,正常,正常,-,-,-,-,-,-,-,-,0,0,0,0,0,0,0,0,-
410174234,正常,正常,正常,正常,正常,正常,正常,正常,-,-,1.社會思想史; ,-,1.表演藝術賞析; 2.旅行與社會; ,1.媒體與民意; ,1.生命歷程研究; 2.體育：桌球; ,-,0,0,3,0,5,2,3,0,-
410174235,正常,正常,正常,正常,休學,休學,-,-,1.社會統計; ,1.社會統計; 2.軍訓(一):國家安全; 3.社會統計實習; ,1.社會思想史; ,1.體育：網球; 2.社會統計實習; ,1.社會統計; 2.社會學; ,-,-,-,3,5,3,1,6,0,0,0,-
410174236,正常,正常,正常,正常,正常,正常,正常,正常,-,-,-,-,-,-,-,-,0,0,0,0,0,0,0,0,-
410174237,正常,正常,正常,正常,正常,正常,正常,正常,1.社會統計; ,1.社會統計; ,1.社會思想史; ,-,1.歐洲聯盟：跨國法律與政策; 2.人口學; ,-,-,-,3,3,3,0,5,0,0,0,-
410174238,正常,正常,正常,正常,正常,正常,正常,正常,-,-,1.社會思想史; ,-,1.旅行與社會; 2.研究設計; ,1.世界地理; ,-,1.體育：室內飛輪; 2.體育：網球; 3.博物館導覽; 4.地理學通論; ,0,0,3,0,6,2,0,4,★★★★ 亟需關懷
410174239,正常,正常,正常,正常,正常,正常,正常,正常,-,-,-,-,-,-,-,-,0,0,0,0,0,0,0,0,-
410174240,正常,正常,正常,正常,正常,正常,正常,正常,-,-,-,-,-,1.宋元明清佛教史; ,-,-,0,0,0,0,0,2,0,0,-
410174241,正常,正常,正常,正常,正常,正常,正常,正常,-,1.專業英文：商用英文口說訓練; ,1.社會思想史; ,-,-,-,-,-,0,2,3,0,0,0,0,0,-
410174242,正常,正常,正常,正常,正常,正常,正常,正常,-,-,1.社會思想史; 2.體育：桌球; ,-,-,-,-,-,0,0,3,0,0,0,0,0,-
410174243,正常,正常,正常,正常,正常,正常,正常,正常,-,-,1.社會思想史; ,-,-,1.公共議題之經濟分析; ,1.藝術欣賞; ,-,0,0,3,0,0,2,2,0,-
410174244,正常,正常,正常,正常,正常,正常,正常,正常,-,1.社會統計; ,-,-,1.社會心理學; 2.旅行與社會; ,-,-,-,0,3,0,0,6,0,0,0,-
410174245,正常,正常,正常,正常,正常,正常,正常,正常,-,-,1.社會思想史; ,-,-,-,-,-,0,0,3,0,0,0,0,0,-
410174246,正常,正常,正常,正常,正常,正常,正常,正常,-,-,1.社會思想史; ,-,1.社會思想史; ,1.日文一年班; ,-,1.同性戀研究; ,0,0,3,0,3,2,0,3,-
410174247,正常,正常,正常,正常,正常,正常,正常,正常,-,-,1.社會思想史; ,-,-,-,-,-,0,0,3,0,0,0,0,0,-
410174248,正常,正常,正常,正常,正常,正常,正常,正常,-,1.社會統計; ,1.社會思想史; ,-,1.體育：室內飛輪; 2.社會心理學; 3.旅行與社會; ,-,-,-,0,3,3,0,6,0,0,0,-
410174250,正常,正常,正常,正常,正常,正常,正常,正常,-,-,1.社會思想史; 2.詞曲欣賞; ,-,1.社會思想史; ,1.初級日文(二); ,-,-,0,0,5,0,3,2,0,0,-
410174251,正常,正常,正常,休學,休學,休學,-,-,1.社會統計; ,-,1.社會統計; ,-,-,-,-,-,3,0,3,0,0,0,0,0,-
410174252,正常,正常,正常,正常,正常,正常,正常,正常,-,-,-,-,-,-,-,-,0,0,0,0,0,0,0,0,-
410174253,正常,正常,正常,正常,正常,正常,正常,正常,-,-,1.社會思想史; 2.國際經濟學; ,1.經濟學; ,1.社會思想史; ,-,-,-,0,0,5,3,3,0,0,0,-
410174254,正常,正常,正常,正常,正常,正常,正常,正常,-,-,-,-,-,-,-,-,0,0,0,0,0,0,0,0,-
410174255,正常,正常,正常,正常,正常,正常,正常,正常,-,-,-,-,-,-,-,-,0,0,0,0,0,0,0,0,-
410174401,正常,正常,正常,正常,正常,正常,正常,正常,-,-,1.社會福利概論; ,-,-,-,-,-,0,0,3,0,0,0,0,0,-
410174402,正常,正常,正常,正常,正常,正常,正常,正常,-,-,-,-,-,-,-,1.日文一年班; ,0,0,0,0,0,0,0,2,-
410174403,正常,正常,正常,正常,正常,正常,正常,正常,-,-,-,-,-,-,-,-,0,0,0,0,0,0,0,0,-
410174404,正常,正常,正常,正常,正常,正常,正常,正常,-,-,-,-,-,-,-,-,0,0,0,0,0,0,0,0,-
410174406,正常,正常,正常,正常,正常,正常,正常,正常,-,-,-,-,-,-,-,-,0,0,0,0,0,0,0,0,-
410174407,正常,正常,正常,正常,正常,正常,正常,正常,-,-,-,-,-,-,-,-,0,0,0,0,0,0,0,0,-
410174408,正常,正常,正常,正常,正常,正常,正常,正常,-,-,-,-,-,-,-,1.會計學; ,0,0,0,0,0,0,0,3,-
410174409,正常,正常,正常,正常,正常,正常,正常,正常,-,-,-,-,-,-,-,-,0,0,0,0,0,0,0,0,-
410174410,正常,正常,正常,正常,正常,正常,正常,正常,-,-,-,-,-,-,-,-,0,0,0,0,0,0,0,0,-
410174411,正常,正常,正常,正常,正常,正常,正常,正常,-,-,-,-,-,-,-,-,0,0,0,0,0,0,0,0,-
410174412,休學,休學,正常,正常,正常,正常,正常,正常,-,-,-,1.社會統計; ,1.體育：桌球; ,1.體育：桌球; 2.身心障礙福利; ,-,-,0,0,0,3,0,3,0,0,-
410174413,正常,正常,正常,正常,正常,正常,正常,正常,-,-,-,-,-,-,-,-,0,0,0,0,0,0,0,0,-
410174414,正常,正常,正常,正常,正常,正常,正常,正常,-,-,-,-,-,-,-,-,0,0,0,0,0,0,0,0,-
410174415,正常,正常,正常,正常,正常,正常,正常,正常,-,-,-,-,-,-,1.高級會計學; ,-,0,0,0,0,0,0,3,0,-
410174416,正常,正常,正常,正常,正常,正常,正常,正常,-,-,-,-,-,-,-,-,0,0,0,0,0,0,0,0,-
410174417,正常,正常,正常,正常,正常,正常,正常,正常,-,-,-,-,-,-,-,-,0,0,0,0,0,0,0,0,-
410174418,正常,正常,正常,正常,正常,正常,正常,正常,-,-,-,-,-,-,-,-,0,0,0,0,0,0,0,0,-
410174419,正常,正常,正常,正常,正常,正常,正常,正常,-,-,-,-,-,-,-,-,0,0,0,0,0,0,0,0,★
410174420,正常,正常,正常,正常,正常,正常,正常,正常,-,-,-,-,-,-,-,-,0,0,0,0,0,0,0,0,-
410174421,正常,正常,正常,正常,正常,正常,正常,正常,-,-,-,-,-,-,-,-,0,0,0,0,0,0,0,0,-
410174422,正常,正常,正常,正常,正常,正常,正常,正常,-,-,-,-,-,-,-,-,0,0,0,0,0,0,0,0,-
410174423,正常,正常,正常,正常,正常,正常,正常,正常,-,-,-,-,-,1.社會政策與社會立法; ,-,-,0,0,0,0,0,3,0,0,-
410174424,正常,正常,正常,正常,正常,正常,正常,正常,-,-,-,-,-,-,-,-,0,0,0,0,0,0,0,0,-
410174425,正常,正常,正常,正常,正常,正常,正常,正常,-,-,-,-,-,-,-,-,0,0,0,0,0,0,0,0,-
410174426,正常,正常,正常,正常,正常,正常,正常,正常,-,1.大學英文; ,-,-,-,-,1.音樂劇欣賞; ,-,0,2,0,0,0,0,2,0,-
410174427,正常,正常,正常,正常,正常,正常,正常,正常,-,-,-,-,-,-,-,-,0,0,0,0,0,0,0,0,-
410174428,正常,正常,正常,正常,正常,正常,正常,正常,-,-,-,-,-,-,-,1.日文一年班; 2.客家音樂戲劇賞析; ,0,0,0,0,0,0,0,4,-
410174429,正常,正常,正常,正常,正常,正常,正常,正常,-,-,-,-,-,-,-,-,0,0,0,0,0,0,0,0,★★★ 需關懷
410174430,正常,正常,正常,正常,正常,正常,正常,正常,-,-,-,-,-,-,-,-,0,0,0,0,0,0,0,0,-
410174431,正常,正常,正常,休學,休學,休學,休學,休學,-,1.台灣社會史; ,1.社會福利概論; 2.英美法導論; 3.清史; ,1.社會個案工作; 2.世界音樂與多元文化; 3.社會團體工作; 4.宋元明清佛教史; 5.實習導論二：實習指引; ,-,1.宋元明清佛教史; 2.社會個案工作; 3.音樂劇欣賞; ,-,1.跨文化社會工作; 2.實習導論二：實習指引; 3.社會個案工作; 4.社會團體工作; 5.性別與社會工作; 6.身心障礙福利; ,0,3,7,10,0,6,0,15,-
410174432,正常,正常,正常,正常,正常,正常,正常,正常,-,-,-,-,-,-,-,-,0,0,0,0,0,0,0,0,-
410174433,正常,正常,正常,正常,正常,正常,正常,-,-,-,-,-,-,-,-,-,0,0,0,0,0,0,0,0,-
410174434,正常,正常,正常,正常,正常,正常,正常,正常,-,-,1.社會個案工作; ,-,-,-,-,-,0,0,2,0,0,0,0,0,★
410174435,正常,正常,正常,正常,正常,正常,正常,正常,-,-,-,-,-,-,-,-,0,0,0,0,0,0,0,0,-
410174436,正常,正常,正常,正常,正常,正常,正常,正常,-,-,-,-,-,-,-,-,0,0,0,0,0,0,0,0,-
410174437,正常,正常,正常,正常,正常,正常,正常,正常,-,-,-,-,1.老人社會工作; ,-,1.體育：游泳; 2.社會工作實習二; ,-,0,0,0,0,3,0,3,0,-
410174438,正常,正常,正常,正常,正常,正常,正常,正常,-,-,-,-,-,-,-,-,0,0,0,0,0,0,0,0,-
410174439,正常,正常,正常,正常,正常,正常,正常,正常,-,-,-,-,1.行政與社會; ,-,1.社會工作實習二; ,-,0,0,0,0,2,0,3,0,-
410174440,正常,正常,正常,正常,正常,正常,正常,正常,1.社會學; ,-,-,-,-,1.社會政策與社會立法; ,-,-,3,0,0,0,0,3,0,0,-
410174441,正常,正常,正常,正常,正常,正常,正常,正常,1.社會學; ,-,-,-,-,-,-,-,3,0,0,0,0,0,0,0,-
410174442,正常,正常,正常,正常,正常,正常,正常,正常,-,-,-,-,-,-,-,-,0,0,0,0,0,0,0,0,-
410174443,正常,正常,正常,正常,正常,正常,正常,正常,-,-,-,-,-,-,-,-,0,0,0,0,0,0,0,0,-
410174444,正常,正常,正常,正常,正常,正常,正常,正常,-,-,1.社會福利概論; ,-,1.微積分; ,1.財政學（一）; ,-,-,0,0,3,0,3,3,0,0,★
410174445,正常,正常,正常,正常,正常,正常,正常,正常,-,-,-,-,-,1.社會政策與社會立法; ,-,-,0,0,0,0,0,3,0,0,-
410174446,正常,正常,正常,正常,正常,正常,正常,-,-,-,-,-,-,-,-,-,0,0,0,0,0,0,0,0,-
410174447,正常,正常,正常,正常,正常,正常,正常,正常,-,-,-,-,-,-,-,-,0,0,0,0,0,0,0,0,-
410174448,正常,正常,正常,正常,正常,正常,正常,正常,1.社會學; ,-,-,-,-,1.社會政策與社會立法; ,1.中國古今文字賞析; ,-,3,0,0,0,0,3,2,0,-
410174449,正常,正常,正常,正常,正常,正常,正常,正常,-,-,-,-,1.老人社會工作; ,-,-,-,0,0,0,0,3,0,0,0,★
410174450,正常,正常,正常,正常,正常,正常,正常,正常,-,-,-,-,-,-,-,-,0,0,0,0,0,0,0,0,-
410174451,正常,正常,正常,正常,正常,正常,正常,正常,-,-,-,-,-,-,-,1.營養與保健; ,0,0,0,0,0,0,0,2,-
410174452,正常,正常,正常,正常,正常,正常,正常,正常,-,-,-,-,-,-,-,-,0,0,0,0,0,0,0,0,-
410174453,正常,正常,正常,正常,正常,正常,正常,正常,1.社會學; ,-,1.社會福利概論; ,-,-,-,-,-,3,0,3,0,0,0,0,0,-
410176001,正常,正常,正常,正常,正常,正常,正常,正常,-,-,-,-,-,-,1.世界音樂與多元文化; ,-,0,0,0,0,0,0,2,0,-
410176002,正常,正常,正常,正常,正常,正常,正常,正常,1.民法概要; ,1.民法概要; ,-,-,-,-,-,1.民法概要; ,3,3,0,0,0,0,0,3,-
410176003,正常,正常,正常,正常,正常,正常,正常,正常,1.都市計畫; ,1.都市計畫; ,1.土地法; ,-,-,-,-,-,3,3,2,0,0,0,0,0,-
410176004,正常,正常,正常,正常,正常,正常,正常,正常,1.民法概要; 2.國文：經典閱讀與詮釋; ,1.民法概要; 2.經濟學; ,-,-,-,-,1.世界音樂與多元文化; ,1.職場倫理; ,6,6,0,0,0,0,2,2,-
410176005,正常,正常,正常,正常,正常,正常,正常,正常,-,-,-,-,-,-,-,-,0,0,0,0,0,0,0,0,-
410176006,正常,休學,正常,-,-,-,-,-,1.民法概要; 2.國文：經典閱讀與詮釋; ,-,-,-,-,-,-,-,6,0,0,0,0,0,0,0,-
410176007,正常,正常,正常,正常,正常,正常,正常,正常,-,-,-,-,-,-,-,-,0,0,0,0,0,0,0,0,★★★ 需關懷
410176008,正常,正常,正常,正常,正常,正常,正常,正常,1.民法概要; ,1.民法概要; ,-,-,-,-,-,-,3,3,0,0,0,0,0,0,-
410176009,正常,正常,正常,正常,正常,正常,正常,正常,1.不動產管理; 2.經濟學; 3.都市計畫; ,1.觀光概論; 2.大學英文：英語聽講練習; 3.經濟學; ,1.土地法; 2.體育：室內飛輪; 3.環境規劃; ,1.經濟學; 2.體育：羽球; 3.閱讀•悅讀; ,-,1.土地法; ,-,1.經濟學; ,8,6,4,5,0,2,0,3,-
410176010,正常,正常,正常,正常,正常,正常,正常,正常,1.民法概要; ,1.民法概要; ,1.民法物權編（一）; ,-,-,-,-,-,3,3,2,0,0,0,0,0,-
410176011,正常,正常,正常,正常,正常,正常,正常,正常,-,1.經濟學; ,1.體育：室內飛輪; ,-,-,-,-,-,0,3,0,0,0,0,0,0,-
410176012,正常,正常,正常,正常,正常,正常,正常,正常,-,1.民法概要; ,-,-,-,-,-,-,0,3,0,0,0,0,0,0,-
410176013,正常,正常,正常,正常,正常,正常,正常,正常,-,1.都市計畫; ,-,-,-,-,-,-,0,3,0,0,0,0,0,0,-
410176014,正常,正常,正常,正常,正常,正常,正常,正常,1.民法概要; ,1.民法概要; ,-,-,-,-,-,-,3,3,0,0,0,0,0,0,-
410176015,正常,正常,正常,正常,正常,正常,正常,正常,-,-,-,1.建築空間規劃與設計; ,-,-,-,-,0,0,0,2,0,0,0,0,-
410176016,正常,正常,正常,正常,正常,正常,正常,正常,1.民法概要; ,1.民法概要; 2.經濟學; ,1.不動產財務管理; 2.環境規劃; ,-,1.不動產投資; ,1.土地法; ,1.體育：桌球; ,1.體育：羽球; 2.營養與保健; ,3,6,4,0,2,2,0,2,-
410176017,正常,正常,正常,正常,正常,正常,正常,正常,1.經濟學; ,-,-,-,-,-,-,-,3,0,0,0,0,0,0,0,-
410176018,正常,正常,正常,正常,正常,正常,正常,正常,1.民法概要; ,1.民法概要; ,-,-,-,-,-,-,3,3,0,0,0,0,0,0,-
410176019,正常,正常,正常,正常,正常,正常,正常,正常,-,-,-,-,-,-,-,-,0,0,0,0,0,0,0,0,-
410176020,正常,正常,正常,正常,正常,正常,正常,正常,-,1.民法概要; ,-,-,-,-,-,-,0,3,0,0,0,0,0,0,-
410176021,正常,正常,正常,正常,正常,正常,正常,正常,1.都市計畫; ,-,1.休閒與環境教育; 2.體育：室內飛輪; ,1.都市計畫; ,-,-,-,-,3,0,3,3,0,0,0,0,-
410176022,正常,正常,正常,正常,正常,正常,正常,正常,1.經濟學; 2.民法概要; ,1.民法概要; 2.經濟學; ,1.環境規劃; ,1.都市交通運輸計畫; ,-,-,-,-,6,6,2,2,0,0,0,0,-
410176023,正常,正常,正常,正常,正常,正常,正常,正常,-,1.都市計畫; ,-,-,-,-,-,-,0,3,0,0,0,0,0,0,-
410176024,正常,正常,正常,正常,正常,正常,正常,正常,1.民法概要; ,1.民法概要; ,-,-,-,-,1.分區使用管制; ,1.營養與保健; ,3,3,0,0,0,0,2,2,-
410176025,正常,正常,正常,正常,正常,正常,正常,正常,-,1.經濟學; ,1.土地法; 2.環境規劃; ,1.經濟學; ,-,-,-,1.電腦輔助繪圖; ,0,3,4,3,0,0,0,2,-
410176026,正常,正常,正常,正常,正常,正常,正常,正常,1.民法概要; ,1.民法概要; 2.經濟學; ,1.民法物權編（一）; ,-,-,-,-,-,3,6,2,0,0,0,0,0,-
410176027,正常,正常,正常,正常,正常,正常,正常,正常,-,-,-,-,-,-,-,-,0,0,0,0,0,0,0,0,-
410176028,正常,正常,正常,正常,正常,正常,正常,正常,1.民法概要; ,1.民法概要; ,-,-,-,-,-,-,3,3,0,0,0,0,0,0,-
410176029,正常,正常,正常,正常,正常,正常,正常,正常,-,-,-,-,1.不動產投資; ,-,1.華語教學方法與實務; ,-,0,0,0,0,2,0,2,0,★
410176030,正常,正常,正常,正常,正常,正常,正常,正常,1.民法概要; ,1.民法概要; ,-,-,-,-,-,-,3,3,0,0,0,0,0,0,-
410176031,正常,正常,正常,正常,正常,正常,正常,正常,-,1.都市計畫; ,1.土地法; ,-,-,-,-,-,0,3,2,0,0,0,0,0,-
410176032,休學,休學,正常,-,-,-,-,-,-,-,-,-,-,-,-,-,0,0,0,0,0,0,0,0,-
410176033,正常,正常,正常,正常,正常,正常,正常,正常,-,1.經濟學; 2.都市計畫; ,-,-,-,-,-,-,0,6,0,0,0,0,0,0,-
410176034,正常,正常,正常,正常,正常,正常,正常,正常,1.民法概要; ,1.民法概要; ,-,-,-,-,-,-,3,3,0,0,0,0,0,0,-
410176035,正常,正常,正常,正常,正常,正常,正常,正常,1.都市計畫; ,-,1.分區使用管制; ,-,-,-,-,-,3,0,2,0,0,0,0,0,-
410176036,正常,正常,正常,正常,正常,正常,正常,正常,1.民法概要; ,1.客家族群文化與社會變遷; 2.民法概要; ,1.民法物權編（一）; 2.體育：室內飛輪; 3.環境規劃; ,1.都市交通運輸計畫; ,-,-,1.體育：室內飛輪; ,-,3,5,4,2,0,0,0,0,-
410176037,正常,正常,正常,正常,正常,正常,正常,正常,-,-,1.土地法; ,-,-,-,-,-,0,0,2,0,0,0,0,0,-
410176038,正常,正常,正常,正常,正常,正常,正常,正常,1.民法概要; ,1.民法概要; ,1.環境規劃; ,-,-,-,-,-,3,3,2,0,0,0,0,0,★★★ 需關懷
410176039,正常,正常,正常,正常,正常,正常,正常,正常,1.都市計畫; ,-,-,-,-,-,-,-,3,0,0,0,0,0,0,0,-
410176040,正常,正常,正常,正常,正常,正常,正常,正常,1.民法概要; 2.環境保育與水土保持（一）; 3.國文：經典閱讀與詮釋; ,1.經濟學; 2.民法概要; ,-,-,-,-,-,-,8,6,0,0,0,0,0,0,-
410176041,正常,正常,正常,正常,正常,正常,正常,正常,-,-,-,-,-,-,-,-,0,0,0,0,0,0,0,0,-
410176042,正常,正常,正常,正常,正常,正常,正常,正常,1.民法概要; ,1.民法概要; ,1.環境規劃; ,-,-,-,-,-,3,3,2,0,0,0,0,0,-
410176043,休學,休學,休學,休學,正常,正常,正常,-,1.不動產管理; 2.國文：經典閱讀與詮釋; 3.環境保育與水土保持（一）; 4.都市計畫; 5.經濟學; ,-,1.都市計畫; 2.體育：室內飛輪; 3.國文：經典閱讀與詮釋; ,-,1.經濟學; 2.科學史; 3.歷史; ,1.都市計畫; ,1.自然災害與衛星資訊; ,-,13,0,6,0,7,3,2,0,-
410176044,正常,正常,正常,正常,正常,正常,正常,正常,-,1.民法概要; ,-,-,-,-,-,-,0,3,0,0,0,0,0,0,-
410176045,正常,正常,正常,正常,正常,正常,正常,正常,-,-,1.土地法; ,-,-,-,-,-,0,0,2,0,0,0,0,0,-
410176046,正常,正常,正常,正常,正常,正常,正常,正常,1.國文：經典閱讀與詮釋; ,1.民法概要; ,1.環境規劃; ,-,-,-,-,-,3,3,2,0,0,0,0,0,-
410176047,正常,正常,正常,正常,正常,正常,休學,休學,-,1.大學英文：英語聽講練習; 2.經濟學; 3.民法概要; ,1.土地法; ,-,1.不動產投資; ,1.體育：羽球; 2.生涯管理; ,1.體育：室內飛輪; 2.國際政治與國際關係; ,-,0,7,2,0,2,2,2,0,-
410176048,正常,正常,正常,正常,正常,正常,正常,正常,-,-,-,-,-,-,-,-,0,0,0,0,0,0,0,0,★
410176049,正常,正常,正常,正常,正常,正常,正常,正常,1.都市計畫; ,1.經濟學; 2.體育：網球; ,1.環境規劃; ,-,1.體育：室內飛輪; ,-,-,-,3,3,2,0,0,0,0,0,-
410176050,正常,正常,正常,正常,正常,正常,正常,正常,-,1.民法概要; ,-,-,-,-,-,-,0,3,0,0,0,0,0,0,-
410176051,正常,正常,正常,正常,正常,正常,正常,正常,-,-,-,-,-,-,-,-,0,0,0,0,0,0,0,0,-
410176052,正常,正常,正常,正常,正常,正常,正常,正常,-,-,-,-,-,-,-,-,0,0,0,0,0,0,0,0,-
410176053,正常,正常,正常,正常,正常,正常,正常,正常,1.都市計畫; ,1.都市計畫; ,1.土地法; ,-,-,-,-,-,3,3,2,0,0,0,0,0,-
410176054,正常,正常,正常,正常,正常,正常,正常,正常,-,1.民法概要; ,-,-,-,-,-,-,0,3,0,0,0,0,0,0,-
410176055,正常,正常,正常,正常,正常,正常,正常,正常,-,-,-,-,-,-,-,-,0,0,0,0,0,0,0,0,-
410176056,正常,正常,正常,正常,正常,正常,正常,正常,1.民法概要; ,1.民法概要; ,-,-,-,-,-,-,3,3,0,0,0,0,0,0,-
410176057,正常,正常,正常,正常,正常,正常,正常,正常,-,-,1.民法物權編（一）; 2.環境規劃; ,-,-,-,-,-,0,0,4,0,0,0,0,0,-
410176058,正常,正常,正常,正常,正常,正常,正常,正常,1.民法概要; ,1.民法概要; ,1.民法物權編（一）; 2.環境規劃; ,1.都市交通運輸計畫; ,1.土地經濟學; ,1.土地經濟學; ,-,-,3,3,4,2,2,2,0,0,-
410176059,正常,正常,正常,正常,正常,正常,正常,正常,-,-,1.土地法; 2.民法物權編（一）; ,-,-,-,-,-,0,0,4,0,0,0,0,0,-
410176060,正常,正常,正常,正常,正常,正常,正常,正常,-,1.民法概要; ,1.不動產財務管理; 2.體育：桌球; 3.環境規劃; ,-,-,1.土地法; ,-,-,0,3,4,0,0,2,0,0,-
410176061,正常,正常,正常,正常,正常,正常,正常,正常,-,-,1.體育：室內飛輪; ,-,-,-,-,-,0,0,0,0,0,0,0,0,-
410176062,正常,正常,正常,正常,正常,正常,正常,正常,-,-,-,-,-,-,-,-,0,0,0,0,0,0,0,0,-
410176063,正常,正常,正常,正常,正常,正常,正常,正常,-,1.經濟學; ,-,-,-,-,-,-,0,3,0,0,0,0,0,0,-
410176064,正常,正常,正常,正常,正常,正常,正常,正常,-,1.民法概要; ,-,-,-,-,-,-,0,3,0,0,0,0,0,0,-
410176065,正常,正常,正常,正常,正常,正常,正常,正常,1.都市計畫; ,-,1.環境規劃; ,1.體育：羽球; 2.閱讀•悅讀; ,-,1.體育：室內飛輪; ,-,-,3,0,2,2,0,0,0,0,-
410176066,正常,正常,正常,正常,正常,正常,正常,正常,-,1.電腦輔助繪圖; 2.民法概要; ,-,-,1.不動產投資; ,-,-,-,0,5,0,0,2,0,0,0,-
410176067,正常,正常,正常,正常,正常,正常,正常,正常,-,-,1.土地法; ,-,-,-,-,-,0,0,2,0,0,0,0,0,★★★ 需關懷
410176068,正常,正常,正常,正常,正常,正常,正常,正常,1.民法概要; ,1.民法概要; ,1.體育：室內飛輪; ,1.建築空間規劃與設計; ,1.體育：桌球; ,-,-,1.看影集學賽局; ,3,3,0,2,0,0,0,2,-
410176069,正常,正常,正常,正常,正常,正常,正常,正常,-,-,1.民法物權編（一）; 2.環境規劃; ,-,-,-,-,-,0,0,4,0,0,0,0,0,-
410176070,正常,正常,正常,正常,正常,正常,正常,正常,1.民法概要; ,1.民法概要; ,-,-,-,-,-,-,3,3,0,0,0,0,0,0,-
410176071,正常,正常,正常,正常,正常,正常,正常,正常,-,-,1.環境規劃; ,-,-,-,-,-,0,0,2,0,0,0,0,0,-
410176072,正常,正常,正常,-,-,-,-,-,1.經濟學; 2.民法概要; ,1.民法概要; ,-,-,-,-,-,-,6,3,0,0,0,0,0,0,-
410176073,正常,正常,正常,正常,正常,正常,正常,正常,-,1.創意與設計; ,-,-,-,-,-,-,0,2,0,0,0,0,0,0,-
410176074,正常,正常,正常,正常,正常,正常,正常,正常,1.民法概要; ,1.民法概要; ,-,-,-,-,-,-,3,3,0,0,0,0,0,0,-
410176075,正常,正常,正常,正常,正常,正常,正常,正常,-,1.民法概要; ,1.民法物權編（一）; 2.分區使用管制; ,-,-,-,-,-,0,3,4,0,0,0,0,0,-
410176077,正常,正常,正常,正常,正常,正常,正常,正常,-,1.都市計畫; 2.經濟學; ,1.土地法; 2.體育：桌球; 3.環境規劃; ,-,1.不動產投資; ,-,-,-,0,6,4,0,2,0,0,0,-
410176078,正常,正常,正常,正常,正常,正常,正常,正常,-,1.民法概要; ,1.環境規劃; ,-,-,-,-,-,0,3,2,0,0,0,0,0,-
410176079,正常,正常,正常,正常,正常,正常,正常,正常,-,-,1.土地法; ,-,-,-,-,-,0,0,2,0,0,0,0,0,-
410176080,正常,正常,正常,正常,正常,正常,正常,正常,1.民法概要; 2.國文：經典閱讀與詮釋; ,1.民法概要; 2.經濟學; ,-,1.都市交通運輸計畫; ,-,-,-,1.藝術欣賞; ,6,6,0,2,0,0,0,2,-
410176082,正常,正常,正常,正常,正常,正常,正常,正常,-,1.民法概要; ,-,-,-,-,-,-,0,3,0,0,0,0,0,0,-
410176083,正常,正常,正常,正常,正常,正常,正常,正常,-,-,1.民法物權編（一）; ,-,-,-,-,-,0,0,2,0,0,0,0,0,-
410176084,正常,正常,正常,正常,正常,正常,正常,正常,1.民法概要; ,-,-,-,-,-,-,-,3,0,0,0,0,0,0,0,-
410176085,正常,正常,正常,正常,正常,正常,正常,正常,-,-,-,-,-,-,-,-,0,0,0,0,0,0,0,0,-
410176086,正常,正常,正常,正常,正常,正常,正常,正常,-,-,-,-,-,-,-,-,0,0,0,0,0,0,0,0,-
410176087,正常,正常,正常,正常,正常,正常,正常,正常,-,1.民法概要; ,1.土地法; 2.環境規劃; 3.體育：桌球; ,-,-,-,-,-,0,3,4,0,0,0,0,0,-
410176088,正常,正常,正常,正常,正常,正常,正常,正常,1.民法概要; ,1.經濟學; 2.民法概要; ,1.環境規劃; ,1.都市交通運輸計畫; ,1.不動產投資; ,-,1.多元文化與社會正義; ,-,3,6,2,2,2,0,2,0,-
410176089,正常,正常,正常,正常,正常,正常,正常,正常,-,-,1.土地法; ,-,-,-,-,-,0,0,2,0,0,0,0,0,-
410176090,正常,正常,正常,正常,正常,正常,正常,正常,-,1.民法概要; 2.經濟學; ,1.環境規劃; ,-,-,1.土地法; 2.生涯管理; ,-,-,0,6,2,0,0,4,0,0,-
410176091,正常,正常,正常,正常,正常,正常,正常,正常,-,1.民法概要; ,-,-,-,-,-,-,0,3,0,0,0,0,0,0,-
410176092,正常,正常,正常,正常,正常,正常,正常,正常,1.民法概要; ,1.民法概要; ,-,-,-,-,-,-,3,3,0,0,0,0,0,0,-
410176093,正常,正常,正常,正常,正常,正常,正常,正常,-,-,-,-,-,-,-,-,0,0,0,0,0,0,0,0,-
410176094,正常,正常,正常,正常,正常,正常,正常,正常,1.民法概要; 2.國文：經典閱讀與詮釋; ,1.民法概要; ,1.民法物權編（一）; 2.不動產財務管理; ,-,-,-,-,-,6,3,4,0,0,0,0,0,-
410176095,正常,正常,正常,正常,正常,正常,正常,正常,1.都市計畫; ,-,-,-,-,-,-,-,3,0,0,0,0,0,0,0,-
410176097,正常,正常,正常,正常,正常,正常,正常,正常,-,1.經濟學; ,1.土地法; ,-,-,-,-,-,0,3,2,0,0,0,0,0,-
410176099,正常,正常,正常,正常,-,-,-,-,-,1.經濟學; 2.測量學; 3.大學英文：英語聽講練習; 4.都市計畫; 5.民法概要; ,1.體育：桌球; 2.國文：經典閱讀與詮釋; ,-,-,-,-,-,0,13,3,0,0,0,0,0,-
410176100,正常,正常,正常,正常,正常,正常,正常,正常,1.民法概要; ,1.民法概要; ,-,-,-,-,-,-,3,3,0,0,0,0,0,0,-
410176101,正常,正常,正常,正常,正常,正常,正常,正常,-,-,-,-,-,-,-,-,0,0,0,0,0,0,0,0,-
410176102,正常,正常,正常,正常,正常,正常,正常,正常,-,-,-,-,-,-,-,-,0,0,0,0,0,0,0,0,-
410176103,正常,正常,正常,正常,正常,正常,正常,正常,-,-,-,-,-,-,-,-,0,0,0,0,0,0,0,0,★
410176104,正常,正常,正常,正常,正常,正常,正常,正常,1.民法概要; ,1.民法概要; 2.經濟學; ,-,-,-,-,-,1.民法概要; ,3,6,0,0,0,0,0,3,-
410176105,正常,正常,正常,正常,正常,正常,正常,正常,-,-,-,-,1.個體經濟學; ,-,-,-,0,0,0,0,3,0,0,0,-
410176106,正常,正常,正常,正常,正常,正常,正常,正常,-,1.民法概要; ,-,-,-,-,-,-,0,3,0,0,0,0,0,0,-
410176107,正常,正常,正常,正常,正常,正常,正常,正常,-,-,-,-,-,-,-,-,0,0,0,0,0,0,0,0,-
410176108,正常,正常,正常,正常,正常,正常,正常,正常,-,-,-,-,-,-,-,-,0,0,0,0,0,0,0,0,-
410176109,正常,正常,正常,正常,正常,正常,正常,正常,-,-,1.土地法; ,-,-,-,-,-,0,0,2,0,0,0,0,0,-
410176110,正常,正常,正常,正常,正常,正常,正常,正常,1.民法概要; ,1.民法概要; ,1.環境規劃; ,-,-,-,-,-,3,3,2,0,0,0,0,0,-
410176111,正常,正常,正常,正常,正常,正常,正常,正常,-,-,1.民法物權編（一）; 2.分區使用管制; 3.環境規劃; ,-,-,-,-,-,0,0,6,0,0,0,0,0,★
410176112,正常,正常,正常,正常,正常,正常,正常,正常,1.民法概要; ,1.民法概要; ,1.分區使用管制; 2.環境規劃; ,1.都市交通運輸計畫; ,-,-,-,-,3,3,4,2,0,0,0,0,-
410176113,正常,正常,正常,正常,正常,正常,正常,正常,-,1.都市計畫; 2.經濟學; ,-,-,-,-,-,-,0,6,0,0,0,0,0,0,-
410176114,正常,正常,正常,正常,正常,正常,正常,正常,-,-,-,-,-,-,-,-,0,0,0,0,0,0,0,0,-
410176115,正常,正常,正常,正常,正常,正常,正常,正常,-,-,-,-,-,-,-,-,0,0,0,0,0,0,0,0,-
410176116,正常,正常,正常,正常,正常,正常,正常,正常,-,-,-,-,-,-,-,-,0,0,0,0,0,0,0,0,-
410176117,正常,正常,正常,正常,正常,正常,正常,正常,-,-,-,-,1.不動產投資; ,-,-,-,0,0,0,0,2,0,0,0,-
410176118,正常,正常,正常,正常,正常,正常,正常,正常,-,1.民法概要; ,-,-,-,-,-,-,0,3,0,0,0,0,0,0,-
410176119,正常,正常,正常,正常,正常,正常,正常,正常,-,-,-,-,-,-,-,-,0,0,0,0,0,0,0,0,-
410176120,正常,正常,正常,正常,正常,正常,正常,正常,-,-,-,-,-,-,-,-,0,0,0,0,0,0,0,0,-
410176121,正常,正常,正常,正常,正常,正常,正常,正常,1.都市計畫; ,1.經濟學; ,-,-,-,-,-,-,3,3,0,0,0,0,0,0,-
410176122,正常,正常,正常,正常,正常,正常,正常,正常,-,-,-,-,-,-,-,-,0,0,0,0,0,0,0,0,-
410176123,正常,正常,正常,正常,正常,正常,正常,正常,-,-,-,-,-,-,-,-,0,0,0,0,0,0,0,0,-
410176124,正常,正常,正常,正常,正常,正常,正常,正常,-,-,-,-,-,-,-,-,0,0,0,0,0,0,0,0,-
410176125,正常,正常,正常,正常,正常,正常,正常,正常,-,-,-,-,-,-,-,-,0,0,0,0,0,0,0,0,-
410176126,正常,正常,正常,正常,正常,正常,正常,正常,-,-,-,-,-,-,-,-,0,0,0,0,0,0,0,0,-
410176127,正常,正常,正常,正常,正常,-,-,-,1.經濟學; 2.都市計畫; ,1.體育：校隊(男羽); 2.民法概要; ,1.經濟學; ,1.建築空間規劃與設計; 2.經濟學; 3.閱讀•悅讀; 4.體育：網球; ,1.土地經濟學; 2.體育：羽球; ,-,-,-,6,3,3,7,2,0,0,0,-
410176128,正常,正常,正常,正常,正常,正常,正常,正常,1.經濟學; 2.國文; 3.民法概要; 4.環境保育與水土保持（一）; ,1.經濟學; ,1.民法概要; 2.環境規劃; ,1.經濟學; ,1.土地經濟學; ,1.土地經濟學; ,1.分區使用管制; ,-,11,3,5,3,2,2,2,0,-
410176129,正常,正常,正常,正常,正常,正常,正常,正常,-,1.民法概要; 2.經濟學; ,-,1.經濟學; 2.體育：網球; ,-,-,-,-,0,6,0,3,0,0,0,0,-
410176130,正常,正常,正常,正常,正常,正常,正常,正常,-,-,-,-,-,-,-,-,0,0,0,0,0,0,0,0,-
410176131,正常,正常,正常,正常,正常,正常,正常,正常,-,1.都市計畫; 2.經濟學; ,1.土地法; 2.民法物權編（一）; 3.環境規劃; 4.體育：桌球; ,-,1.不動產投資; ,-,-,-,0,6,6,0,2,0,0,0,-
410176132,正常,正常,正常,正常,正常,正常,正常,正常,1.國文; 2.民法概要; 3.經濟學; ,1.經濟學; ,1.社會思想史; ,1.閱讀•悅讀; ,1.人口學; ,-,1.佛學概論; ,-,9,3,3,2,3,0,2,0,-
410177001,正常,正常,正常,正常,正常,正常,正常,正常,-,-,-,-,-,-,-,-,0,0,0,0,0,0,0,0,-
410177002,正常,正常,正常,正常,正常,正常,正常,正常,-,-,-,-,-,-,-,-,0,0,0,0,0,0,0,0,-
410177003,正常,正常,正常,正常,-,-,-,-,1.會計學; 2.大學英文：英語聽講練習; ,1.體育：網球; ,1.全民國防教育軍事訓練課程：防衛動員; 2.電腦概論; 3.微積分; ,-,-,-,-,-,4,0,7,0,0,0,0,0,-
410177004,正常,正常,正常,正常,正常,正常,正常,正常,-,-,1.個體經濟學; ,1.世界音樂與多元文化; ,-,-,-,-,0,0,3,2,0,0,0,0,-
410177005,正常,正常,正常,正常,正常,正常,正常,正常,-,-,1.個體經濟學; 2.中級會計學; ,-,-,-,-,1.營養與保健; ,0,0,7,0,0,0,0,2,-
410177006,正常,正常,正常,正常,正常,正常,正常,正常,1.國文：經典閱讀與詮釋; ,-,-,-,-,-,1.高級會計學; ,-,3,0,0,0,0,0,3,0,-
410177007,正常,正常,正常,正常,正常,正常,正常,正常,-,-,1.個體經濟學; 2.中級會計學; ,1.中級會計學; 2.統計學; ,-,-,-,1.高級會計學; ,0,0,7,7,0,0,0,3,-
410177008,正常,正常,正常,正常,正常,正常,正常,正常,-,1.體育：排球; 2.會計學; ,1.微積分; 2.中級會計學; ,1.微積分; 2.哲學概論; 3.中級會計學; ,1.體育：室內飛輪; ,-,-,1.高級會計學; ,0,3,7,9,0,0,0,3,-
410177009,正常,正常,正常,正常,正常,正常,正常,正常,-,-,1.個體經濟學; ,-,-,-,-,-,0,0,3,0,0,0,0,0,-
410177010,正常,正常,正常,正常,正常,正常,正常,正常,-,1.微積分; ,1.統計學; 2.貨幣銀行學; 3.個體經濟學; ,1.統計學; 2.中級會計學; ,-,1.電腦概論; ,1.高級會計學; ,-,0,3,9,7,0,2,3,0,-
410177011,正常,正常,正常,正常,正常,正常,正常,正常,-,-,-,1.中級會計學; ,-,-,-,-,0,0,0,4,0,0,0,0,-
410177012,正常,正常,正常,正常,正常,正常,正常,正常,-,1.微積分; 2.經濟學; ,1.個體經濟學; 2.中級會計學; ,1.統計學; 2.中級會計學; ,1.財務管理; ,1.微積分; ,-,1.高級會計學; ,0,6,7,7,3,3,0,3,-
410177013,正常,正常,正常,正常,正常,正常,正常,正常,1.會計學; ,-,-,1.中級會計學; ,-,-,1.高級會計學; ,1.高級會計學; ,3,0,0,4,0,0,3,3,-
410177014,正常,正常,正常,正常,正常,正常,正常,正常,-,-,-,1.中級會計學; ,-,-,-,-,0,0,0,4,0,0,0,0,-
410177015,正常,正常,正常,正常,正常,正常,正常,正常,1.會計學; 2.國文：經典閱讀與詮釋; 3.微積分; 4.經濟學; ,-,1.統計學; 2.個體經濟學; ,1.統計學; ,1.體育：室內飛輪; ,-,-,-,12,0,6,3,0,0,0,0,-
410177016,正常,正常,正常,正常,正常,正常,正常,正常,1.國文：經典閱讀與詮釋; ,-,1.個體經濟學; 2.中級會計學; ,1.中級會計學; ,1.體育：室內飛輪; 2.財務管理; ,-,-,-,3,0,7,4,3,0,0,0,-
410177017,正常,正常,正常,正常,休學,正常,正常,正常,1.會計學; 2.德文; 3.德語聽講練習; 4.微積分; ,1.經濟學; 2.微積分; ,1.統計學; ,1.統計學; ,-,-,-,-,9,6,3,3,0,0,0,0,-
410177018,正常,正常,正常,正常,正常,正常,正常,正常,1.軍訓(一):國家安全; ,-,-,-,-,-,-,-,1,0,0,0,0,0,0,0,-
410177019,正常,正常,正常,正常,正常,正常,正常,正常,-,-,1.個體經濟學; 2.中級會計學; ,1.中級會計學; ,1.體育：室內飛輪; ,-,-,-,0,0,7,4,0,0,0,0,-
410177020,正常,正常,正常,正常,正常,正常,正常,正常,-,-,-,-,-,-,-,-,0,0,0,0,0,0,0,0,-
410177021,正常,正常,正常,正常,正常,正常,正常,正常,-,-,-,-,-,-,-,1.高級會計學; ,0,0,0,0,0,0,0,3,-
410177022,正常,正常,正常,正常,正常,正常,正常,正常,-,-,1.個體經濟學; ,1.體育：游泳; 2.統計學; 3.中級會計學; ,-,-,-,1.高級會計學; ,0,0,3,7,0,0,0,3,★★★★ 亟需關懷
410177023,正常,正常,正常,正常,正常,正常,正常,正常,-,-,-,1.情緒管理與壓力調適; ,-,-,-,1.高級會計學; ,0,0,0,2,0,0,0,3,-
410177024,正常,正常,正常,-,-,-,-,-,-,-,-,-,-,-,-,-,0,0,0,0,0,0,0,0,-
410177025,正常,正常,正常,正常,正常,正常,正常,正常,1.國文：經典閱讀與詮釋; ,-,1.個體經濟學; ,-,-,-,-,-,3,0,3,0,0,0,0,0,-
410177026,正常,正常,正常,正常,正常,正常,正常,正常,-,-,-,-,-,-,-,-,0,0,0,0,0,0,0,0,-
410177027,正常,正常,正常,正常,正常,正常,正常,正常,-,-,1.中級會計學; ,1.中級會計學; ,-,-,-,-,0,0,4,4,0,0,0,0,★★★★ 亟需關懷
410177028,正常,正常,正常,正常,正常,正常,正常,正常,-,-,-,1.中級會計學; ,-,-,-,-,0,0,0,4,0,0,0,0,-
410177029,正常,正常,正常,正常,正常,正常,正常,正常,-,1.會計學; ,1.個體經濟學; 2.中級會計學; ,-,-,-,-,-,0,3,7,0,0,0,0,0,-
410177030,正常,正常,正常,正常,正常,正常,正常,正常,-,-,-,-,-,-,-,-,0,0,0,0,0,0,0,0,★
410177031,正常,正常,正常,正常,正常,正常,正常,正常,1.國文：經典閱讀與詮釋; ,1.體育：排球; ,1.個體經濟學; 2.中級會計學; ,-,-,-,-,-,3,0,7,0,0,0,0,0,-
410177032,正常,正常,正常,正常,正常,正常,正常,正常,-,-,-,1.統計學; ,1.審計學; ,-,-,-,0,0,0,3,3,0,0,0,-
410177033,正常,正常,正常,正常,正常,正常,正常,正常,-,-,-,-,-,-,-,-,0,0,0,0,0,0,0,0,-
410177034,正常,正常,正常,正常,正常,正常,正常,正常,1.國文：經典閱讀與詮釋; ,1.體育：排球; 2.會計學; 3.經濟學; ,1.統計學; 2.中級會計學; ,1.中級會計學; ,1.財務管理; ,-,-,-,3,6,7,4,3,0,0,0,-
410177035,正常,正常,正常,正常,正常,正常,正常,正常,-,1.體育：排球; ,-,-,-,-,-,-,0,0,0,0,0,0,0,0,-
410177036,正常,正常,正常,正常,正常,正常,正常,正常,-,-,-,1.中級會計學; ,-,-,-,-,0,0,0,4,0,0,0,0,-
410177037,正常,正常,正常,正常,正常,正常,正常,正常,-,-,-,-,-,-,-,-,0,0,0,0,0,0,0,0,-
410177038,正常,正常,正常,正常,正常,正常,正常,正常,-,-,1.個體經濟學; 2.中級會計學; ,-,1.審計學; ,-,-,-,0,0,7,0,3,0,0,0,-
410177039,正常,正常,正常,正常,休學,正常,正常,正常,1.經濟學; 2.會計學; 3.國文：經典閱讀與詮釋; 4.大學英文：英語聽講練習; ,1.經濟學; 2.會計學; ,1.體育：桌球; 2.統計學; 3.微積分; ,1.經濟學; 2.閱讀•悅讀; ,1.內部控制與內部稽核; ,-,-,-,10,6,6,5,3,0,0,0,-
410177040,正常,正常,正常,正常,正常,正常,正常,正常,-,1.微積分; ,1.個體經濟學; 2.財政學（一）; ,1.微積分; 2.統計學; ,-,-,-,-,0,3,6,6,0,0,0,0,-
410177041,正常,正常,正常,正常,正常,正常,正常,正常,1.國文：經典閱讀與詮釋; 2.會計學; ,1.會計學; ,-,1.體育：游泳; 2.統計學; 3.中級會計學; ,-,-,1.運動與健康; 2.審計學; ,-,6,3,0,7,0,0,5,0,-
410177042,正常,正常,正常,正常,正常,正常,正常,正常,1.微積分; ,1.微積分; ,1.統計學; 2.個體經濟學; ,-,-,-,-,-,3,3,6,0,0,0,0,0,-
410177043,正常,正常,正常,正常,正常,正常,正常,正常,-,-,1.統計學; 2.個體經濟學; ,-,-,-,-,-,0,0,6,0,0,0,0,0,-
410177044,正常,正常,正常,正常,正常,正常,正常,正常,-,-,-,-,-,-,-,-,0,0,0,0,0,0,0,0,-
410177045,正常,正常,正常,正常,正常,正常,正常,正常,-,-,-,-,-,-,-,-,0,0,0,0,0,0,0,0,-
410177046,正常,正常,正常,休學,正常,-,-,-,1.微積分; ,1.大學英文; 2.會計學; 3.經濟學; ,1.微積分; ,-,-,-,-,-,3,8,3,0,0,0,0,0,-
410177047,正常,正常,正常,正常,正常,正常,正常,正常,-,-,1.個體經濟學; 2.中級會計學; ,-,1.審計學; ,-,1.高級會計學; ,-,0,0,7,0,3,0,3,0,-
410177048,正常,正常,正常,正常,正常,正常,正常,正常,-,-,-,-,-,-,-,-,0,0,0,0,0,0,0,0,★★★★ 亟需關懷
410177049,正常,正常,正常,正常,正常,正常,正常,正常,-,-,1.個體經濟學; ,-,-,-,-,-,0,0,3,0,0,0,0,0,-
410177050,正常,正常,正常,正常,正常,正常,正常,正常,-,-,1.中級會計學; ,-,-,-,-,1.高級會計學; ,0,0,4,0,0,0,0,3,-
410177051,正常,正常,正常,正常,正常,正常,正常,正常,-,-,1.個體經濟學; 2.電腦概論; ,1.統計學; ,-,-,-,-,0,0,5,3,0,0,0,0,-
410177052,正常,正常,正常,正常,正常,正常,正常,正常,-,1.微積分; 2.會計學; ,1.統計學; ,1.中級會計學; ,-,-,1.高級會計學; 2.審計學; ,1.審計學; 2.高級會計學; ,0,6,3,4,0,0,6,6,-
410177053,正常,正常,正常,正常,正常,正常,正常,正常,-,-,-,-,-,-,-,-,0,0,0,0,0,0,0,0,-
410177054,正常,正常,正常,正常,正常,正常,正常,正常,-,1.體育：排球; ,-,-,-,-,-,-,0,0,0,0,0,0,0,0,-
410177055,正常,正常,正常,正常,正常,正常,正常,正常,-,1.經濟學; ,-,1.中級會計學; ,-,-,-,-,0,3,0,4,0,0,0,0,★
410177056,正常,正常,正常,正常,正常,正常,正常,正常,-,1.會計學; 2.經濟學; ,1.中級會計學; 2.微積分; ,1.統計學; 2.微積分; 3.中級會計學; ,-,1.統計學; ,1.音樂劇欣賞; ,-,0,6,7,10,0,3,2,0,-
410177057,正常,正常,正常,正常,正常,正常,正常,正常,-,1.體育：排球; ,1.個體經濟學; ,1.中級會計學; ,-,-,-,-,0,0,3,4,0,0,0,0,-
410177058,正常,正常,正常,正常,正常,正常,正常,正常,-,-,1.個體經濟學; ,-,-,-,-,-,0,0,3,0,0,0,0,0,-
410177059,正常,正常,正常,正常,正常,正常,正常,正常,-,-,-,-,-,-,-,-,0,0,0,0,0,0,0,0,-
410177060,正常,正常,正常,正常,正常,正常,正常,正常,-,-,-,1.中級會計學; 2.統計學; ,-,-,-,-,0,0,0,7,0,0,0,0,-
410177061,正常,正常,正常,正常,正常,正常,正常,正常,-,-,-,-,-,-,-,-,0,0,0,0,0,0,0,0,-
410177062,正常,正常,正常,正常,正常,正常,正常,正常,-,-,-,1.中級會計學; ,-,-,-,-,0,0,0,4,0,0,0,0,-
410177063,正常,正常,正常,正常,正常,正常,正常,正常,-,-,-,-,-,-,-,-,0,0,0,0,0,0,0,0,-
410177064,正常,正常,正常,正常,-,-,-,-,1.國文：經典閱讀與詮釋; ,1.微積分; 2.體育：網球; 3.經濟學; 4.會計學; ,1.全民國防教育軍事訓練課程：防衛動員; 2.個體經濟學; 3.統計學; ,-,-,-,-,-,3,9,8,0,0,0,0,0,-
410177065,正常,正常,正常,正常,正常,正常,正常,正常,-,1.微積分; 2.經濟學; ,1.個體經濟學; 2.統計學; ,1.統計學; 2.中級會計學; ,1.志願服務與人道關懷; ,-,-,-,0,6,6,7,2,0,0,0,-
410177066,正常,正常,正常,正常,正常,正常,正常,正常,1.國文：經典閱讀與詮釋; ,-,1.個體經濟學; 2.中級會計學; ,1.中級會計學; ,-,-,-,1.高級會計學; ,3,0,7,4,0,0,0,3,-
410177067,正常,正常,正常,正常,正常,正常,正常,正常,-,-,1.統計學; 2.個體經濟學; ,1.統計學; 2.中級會計學; ,-,-,-,-,0,0,6,7,0,0,0,0,-
410177068,正常,正常,正常,正常,正常,正常,正常,正常,-,-,1.財政學（一）; ,1.中級會計學; ,-,-,-,-,0,0,3,4,0,0,0,0,-
410177069,正常,正常,正常,正常,正常,正常,正常,正常,-,-,-,1.中級會計學; ,-,-,-,-,0,0,0,4,0,0,0,0,-
410177070,正常,正常,正常,正常,正常,正常,正常,正常,-,-,-,1.統計學; ,-,-,-,-,0,0,0,3,0,0,0,0,-
410177071,正常,正常,正常,正常,正常,正常,正常,正常,1.國文：經典閱讀與詮釋; ,-,1.中級會計學; ,1.中級會計學; ,-,-,-,-,3,0,4,4,0,0,0,0,-
410177072,正常,正常,正常,正常,正常,正常,正常,正常,1.國文：經典閱讀與詮釋; ,-,1.體育：室內飛輪; ,-,-,-,-,-,3,0,0,0,0,0,0,0,-
410177073,正常,正常,正常,正常,正常,正常,正常,正常,-,-,-,-,-,-,-,-,0,0,0,0,0,0,0,0,-
410177074,正常,正常,正常,正常,正常,正常,正常,正常,1.國文：經典閱讀與詮釋; 2.會計學; ,-,1.貨幣銀行學; ,-,-,-,-,-,6,0,3,0,0,0,0,0,-
410177075,正常,正常,正常,正常,正常,正常,正常,正常,-,-,1.個體經濟學; ,-,-,-,-,-,0,0,3,0,0,0,0,0,-
410177076,正常,正常,正常,正常,正常,正常,正常,正常,-,1.經濟學; ,1.個體經濟學; ,1.中級會計學; ,-,-,1.西方音樂的軌跡; ,1.高級會計學; ,0,3,3,4,0,0,2,3,-
410177077,正常,正常,正常,正常,正常,正常,正常,正常,-,-,-,-,-,-,-,-,0,0,0,0,0,0,0,0,-
410177078,正常,正常,正常,正常,正常,正常,-,-,-,1.會計學; ,1.個體經濟學; ,1.統計學; 2.中級會計學; ,-,-,-,-,0,3,3,7,0,0,0,0,★★★★ 亟需關懷
410177079,正常,正常,正常,正常,正常,正常,正常,正常,-,1.經濟學; ,1.個體經濟學; 2.中級會計學; ,1.中級會計學; ,-,-,-,1.高級會計學; ,0,3,7,4,0,0,0,3,-
410177080,正常,正常,正常,正常,正常,正常,正常,正常,1.國文：經典閱讀與詮釋; ,1.微積分; ,-,1.中級會計學; ,-,-,-,-,3,3,0,4,0,0,0,0,-
410177081,正常,正常,正常,正常,正常,正常,正常,正常,-,-,1.中級會計學; ,1.中級會計學; ,-,-,-,1.高級會計學; ,0,0,4,4,0,0,0,3,-
410177082,正常,正常,正常,正常,正常,正常,正常,正常,-,-,-,-,-,-,-,-,0,0,0,0,0,0,0,0,-
410177083,正常,正常,正常,正常,正常,正常,正常,正常,-,-,-,-,-,-,-,-,0,0,0,0,0,0,0,0,-
410177084,正常,正常,正常,正常,正常,正常,正常,正常,-,-,-,-,-,-,-,-,0,0,0,0,0,0,0,0,-
410177085,正常,休學,正常,正常,正常,正常,正常,正常,1.會計學; 2.德文; 3.德語聽講練習; ,-,1.經濟學; 2.體育：籃球; ,1.體育：網球; 2.教育概論（教育導論）; ,1.體育：室內飛輪; ,-,-,1.微積分; ,6,0,3,3,0,0,0,3,-
410177086,正常,正常,正常,正常,正常,正常,正常,正常,-,-,-,1.中級會計學; ,-,-,-,-,0,0,0,4,0,0,0,0,-
410177087,正常,正常,正常,正常,正常,正常,正常,正常,-,-,-,-,-,-,-,-,0,0,0,0,0,0,0,0,-
410177088,正常,正常,正常,正常,正常,正常,正常,正常,-,-,-,-,-,-,-,-,0,0,0,0,0,0,0,0,-
410177089,正常,正常,正常,正常,正常,正常,正常,正常,-,-,-,-,-,-,-,1.高級會計學; ,0,0,0,0,0,0,0,3,-
410177090,正常,正常,正常,正常,正常,正常,正常,正常,-,-,-,-,-,-,-,-,0,0,0,0,0,0,0,0,-
410177091,正常,正常,正常,正常,正常,正常,正常,正常,-,-,1.統計學; ,1.中級會計學; ,-,-,-,-,0,0,3,4,0,0,0,0,★★★★ 亟需關懷
410177092,正常,正常,正常,正常,正常,正常,正常,正常,-,-,-,1.情緒管理與壓力調適; ,-,-,-,-,0,0,0,2,0,0,0,0,-
410177093,正常,正常,正常,正常,正常,正常,正常,正常,-,-,1.中級會計學; ,1.中級會計學; ,1.審計學; ,-,-,1.高級會計學; ,0,0,4,4,3,0,0,3,★★★ 需關懷
410177094,正常,正常,正常,正常,正常,正常,正常,正常,-,-,1.貨幣銀行學; 2.中級會計學; ,1.中級會計學; ,1.審計學; ,1.行政法; ,1.高級會計學; ,1.高級會計學; ,0,0,7,4,3,3,3,3,-
410177095,正常,正常,正常,正常,正常,正常,正常,正常,-,1.微積分; 2.會計學; ,1.個體經濟學; ,-,-,-,-,-,0,6,3,0,0,0,0,0,-
410177096,正常,正常,正常,正常,正常,正常,正常,正常,-,-,-,-,-,-,-,-,0,0,0,0,0,0,0,0,-
410177097,正常,休學,休學,休學,正常,-,-,-,1.德文; 2.德語聽講練習; ,1.微積分; 2.會計學; ,-,-,-,-,-,-,3,6,0,0,0,0,0,0,-
410177098,正常,正常,正常,正常,正常,正常,正常,正常,1.大學英文; ,1.大學英文; ,-,1.統計學; 2.微積分; 3.閱讀•悅讀; ,1.體育：室內飛輪; ,1.統計學; ,-,1.審計學; ,2,2,0,8,0,3,0,3,-
410177099,正常,正常,正常,正常,正常,正常,正常,正常,-,-,1.個體經濟學; ,-,-,-,-,-,0,0,3,0,0,0,0,0,-
410177100,正常,正常,正常,正常,正常,正常,正常,正常,-,-,-,-,-,-,-,-,0,0,0,0,0,0,0,0,★
410177101,正常,正常,正常,正常,正常,正常,正常,正常,1.經濟學; ,-,-,-,-,-,-,-,3,0,0,0,0,0,0,0,-
410177102,正常,正常,正常,正常,正常,正常,正常,正常,1.會計學; ,1.體育：排球; 2.會計學; ,1.個體經濟學; ,1.專業英文：商用英文口說訓練; 2.統計學; 3.體育：桌球; 4.中級會計學; ,1.體育：室內飛輪; 2.內部控制與內部稽核; ,-,1.西方音樂的軌跡; ,-,3,3,3,9,3,0,2,0,-
410177103,正常,正常,正常,正常,正常,正常,正常,正常,1.德文; 2.德語聽講練習; ,-,1.中級會計學; ,1.中級會計學; ,-,-,-,-,3,0,4,4,0,0,0,0,-
410177104,正常,正常,正常,正常,正常,正常,正常,正常,-,-,1.個體經濟學; 2.中級會計學; ,1.統計學; 2.中級會計學; ,-,-,1.高級會計學; ,1.高級會計學; ,0,0,7,7,0,0,3,3,-
410177105,正常,正常,正常,正常,正常,正常,正常,正常,-,-,1.個體經濟學; 2.中級會計學; ,1.中級會計學; ,-,-,-,-,0,0,7,4,0,0,0,0,-
410177106,休學,休學,休學,休學,-,-,-,-,-,-,-,-,-,-,-,-,0,0,0,0,0,0,0,0,-
410177107,正常,正常,正常,正常,正常,正常,正常,正常,-,-,1.個體經濟學; ,-,-,-,-,-,0,0,3,0,0,0,0,0,-
410177108,正常,正常,正常,正常,正常,正常,正常,正常,-,-,-,-,-,-,-,-,0,0,0,0,0,0,0,0,-
410177109,正常,正常,正常,正常,正常,正常,正常,正常,-,-,-,-,-,-,-,-,0,0,0,0,0,0,0,0,-
410177110,正常,正常,正常,正常,正常,正常,正常,正常,-,-,-,-,1.審計學; ,-,-,-,0,0,0,0,3,0,0,0,-
410177111,休學,休學,正常,-,-,-,-,-,-,-,-,-,-,-,-,-,0,0,0,0,0,0,0,0,-
410177112,正常,正常,正常,正常,正常,正常,正常,正常,-,-,-,-,-,-,-,-,0,0,0,0,0,0,0,0,-
410177113,正常,正常,正常,正常,正常,正常,正常,正常,-,-,1.統計學; 2.個體經濟學; 3.中級會計學; ,1.中級會計學; ,-,-,-,-,0,0,10,4,0,0,0,0,-
410177114,正常,正常,正常,正常,正常,正常,正常,正常,-,-,1.個體經濟學; 2.中級會計學; ,-,-,-,-,1.高級會計學; ,0,0,7,0,0,0,0,3,-
410177115,正常,正常,正常,正常,正常,正常,正常,正常,-,-,1.個體經濟學; ,-,-,-,-,-,0,0,3,0,0,0,0,0,-
410177116,正常,正常,正常,正常,正常,正常,正常,正常,-,-,-,-,-,-,-,-,0,0,0,0,0,0,0,0,-
410177117,正常,正常,正常,正常,正常,正常,正常,正常,-,-,-,-,-,-,-,-,0,0,0,0,0,0,0,0,-
410177118,正常,正常,正常,正常,正常,正常,正常,正常,-,-,1.個體經濟學; ,-,-,-,-,-,0,0,3,0,0,0,0,0,-
410177119,正常,正常,正常,正常,正常,正常,正常,正常,-,-,-,1.中級會計學; ,-,-,1.高級會計學; ,1.高級會計學; ,0,0,0,4,0,0,3,3,-
410177120,正常,正常,正常,正常,正常,正常,正常,正常,-,-,1.體育：室內飛輪; ,1.中級會計學; ,-,-,-,-,0,0,0,4,0,0,0,0,-
410177121,正常,正常,正常,正常,正常,正常,正常,正常,-,-,-,-,-,-,-,-,0,0,0,0,0,0,0,0,-
410177122,正常,正常,正常,休學,正常,-,-,-,-,-,-,-,-,-,-,-,0,0,0,0,0,0,0,0,-
410177123,正常,正常,正常,正常,正常,正常,正常,正常,-,-,-,-,-,-,-,-,0,0,0,0,0,0,0,0,-
410177124,正常,正常,正常,正常,正常,正常,正常,正常,-,1.微積分; ,1.貨幣銀行學; 2.個體經濟學; 3.中級會計學; ,-,-,-,1.高級會計學; 2.審計學; ,1.審計學; ,0,3,10,0,0,0,6,3,-
410177125,正常,正常,正常,正常,正常,正常,正常,正常,-,-,-,-,-,-,-,-,0,0,0,0,0,0,0,0,-
410177126,正常,正常,正常,正常,正常,正常,正常,正常,-,-,-,-,-,-,-,-,0,0,0,0,0,0,0,0,-
410177127,正常,正常,正常,正常,正常,正常,正常,正常,-,1.微積分; 2.體育：排球; ,1.個體經濟學; 2.中級會計學; ,-,-,-,-,1.高級會計學; ,0,3,7,0,0,0,0,3,-
410177128,正常,正常,正常,正常,休學,休學,休學,休學,-,1.經濟學; ,1.個體經濟學; ,-,-,-,-,-,0,3,3,0,0,0,0,0,-
410177129,正常,正常,正常,正常,正常,正常,正常,正常,-,-,-,-,-,-,-,-,0,0,0,0,0,0,0,0,-
410177130,正常,正常,正常,正常,正常,正常,正常,正常,-,-,-,-,-,-,-,-,0,0,0,0,0,0,0,0,-
410177131,正常,正常,正常,正常,正常,正常,正常,正常,-,-,-,-,-,-,-,-,0,0,0,0,0,0,0,0,-
410177132,正常,正常,正常,正常,正常,正常,正常,正常,-,-,1.個體經濟學; 2.中級會計學; ,-,-,-,-,-,0,0,7,0,0,0,0,0,-
410177133,正常,正常,正常,正常,正常,正常,正常,正常,-,-,-,-,-,-,-,-,0,0,0,0,0,0,0,0,-
410178017,正常,正常,休學,休學,-,-,-,-,1.統計學; 2.線性代數; ,1.線性代數; 2.體育：網球; ,1.社會思想史; 2.體育：桌球; ,-,-,-,-,-,6,3,3,0,0,0,0,0,-
410179001,正常,正常,正常,正常,正常,正常,正常,正常,-,-,-,-,-,-,-,-,0,0,0,0,0,0,0,0,-
410179002,正常,正常,正常,正常,正常,正常,正常,正常,1.會計學; ,-,1.體育：桌球; ,-,-,-,-,-,3,0,0,0,0,0,0,0,-
410179003,正常,正常,正常,正常,正常,正常,正常,正常,-,-,-,-,-,1.資訊管理; ,1.顧客關係管理; ,-,0,0,0,0,0,3,3,0,-
410179004,正常,正常,正常,正常,正常,正常,正常,正常,-,-,-,-,-,-,-,-,0,0,0,0,0,0,0,0,-
410179005,休學,休學,正常,正常,正常,正常,正常,正常,-,-,-,-,-,-,-,-,0,0,0,0,0,0,0,0,★
410179006,正常,正常,正常,正常,正常,正常,正常,正常,-,-,-,-,-,-,-,-,0,0,0,0,0,0,0,0,-
410179007,正常,正常,正常,正常,正常,正常,正常,正常,-,-,-,-,-,-,-,-,0,0,0,0,0,0,0,0,-
410179008,正常,正常,正常,正常,正常,正常,正常,正常,-,-,-,-,-,-,-,-,0,0,0,0,0,0,0,0,★★
410179009,正常,正常,正常,正常,正常,正常,正常,正常,-,-,-,-,-,-,-,-,0,0,0,0,0,0,0,0,-
410179010,正常,正常,正常,正常,正常,正常,正常,正常,-,-,-,-,-,-,-,-,0,0,0,0,0,0,0,0,-
410179011,正常,正常,正常,正常,正常,正常,正常,正常,-,1.微積分; ,1.組織理論與行為; 2.體育：桌球; ,-,-,-,-,-,0,3,3,0,0,0,0,0,-
410179012,正常,正常,正常,正常,正常,正常,正常,正常,-,1.微積分; 2.會計學; ,1.財務管理; ,-,-,-,1.統計套用程式; ,-,0,6,3,0,0,0,3,0,-
410179013,正常,正常,正常,正常,正常,正常,正常,正常,1.微積分; ,1.微積分; ,-,1.體育：桌球; 2.作業研究; ,-,1.微積分; ,-,1.供應鏈管理; ,3,3,0,3,0,3,0,3,-
410179014,正常,正常,正常,正常,正常,正常,正常,正常,-,-,-,-,1.作業管理; ,-,-,-,0,0,0,0,3,0,0,0,-
410179015,正常,正常,-,-,-,-,-,-,1.會計學; ,-,-,-,-,-,-,-,3,0,0,0,0,0,0,0,-
410179016,正常,正常,正常,正常,正常,正常,正常,正常,-,1.會計學; ,1.財務管理; ,-,-,-,-,-,0,3,3,0,0,0,0,0,-
410179017,正常,正常,正常,正常,正常,正常,正常,正常,-,-,-,-,-,-,-,-,0,0,0,0,0,0,0,0,-
410179018,正常,正常,正常,正常,正常,正常,正常,正常,-,1.經濟學; ,1.統計學; 2.金融市場; 3.體育：桌球; ,1.總體經濟學; ,1.體育：室內飛輪; 2.歷史; ,1.歷史; ,-,-,0,3,6,3,2,2,0,0,-
410179019,正常,正常,正常,正常,正常,正常,正常,正常,-,-,-,1.總體經濟學; ,-,-,-,-,0,0,0,3,0,0,0,0,★
410179020,正常,正常,正常,正常,正常,休學,正常,正常,1.經濟學; ,1.管理學; ,1.財務管理; 2.金融市場; 3.體育：游泳; 4.法學緒論; ,-,1.歷史; 2.財務管理; ,-,-,-,3,3,9,0,5,0,0,0,-
410179021,正常,正常,正常,正常,正常,正常,正常,正常,-,1.會計學; ,1.統計學; ,-,-,1.資訊管理; ,-,-,0,3,3,0,0,3,0,0,-
410179022,正常,正常,正常,正常,正常,正常,正常,正常,-,-,-,1.德文; ,-,1.歷史; ,-,-,0,0,0,2,0,2,0,0,-
410179023,正常,正常,正常,正常,正常,正常,正常,正常,-,-,-,-,-,-,-,-,0,0,0,0,0,0,0,0,-
410179024,正常,正常,正常,正常,正常,正常,正常,正常,-,-,-,-,-,-,-,-,0,0,0,0,0,0,0,0,-
410179025,正常,正常,正常,正常,正常,正常,正常,正常,-,1.會計學; ,-,-,-,-,-,-,0,3,0,0,0,0,0,0,-
410179026,正常,正常,正常,正常,正常,正常,正常,正常,-,1.微積分; 2.會計學; ,1.金融市場; ,-,-,-,-,1.供應鏈管理; ,0,6,3,0,0,0,0,3,-
410179027,正常,正常,正常,正常,正常,正常,正常,正常,1.微積分; ,1.微積分; ,1.統計學; ,1.統計學; ,-,-,-,-,3,3,3,3,0,0,0,0,-
410179028,正常,正常,正常,正常,正常,正常,正常,正常,-,-,-,-,1.歷史; ,-,-,-,0,0,0,0,2,0,0,0,-
410179029,正常,正常,正常,正常,正常,正常,正常,正常,1.專業英文：一般職場英文; ,-,1.財務管理; ,1.總體經濟學; ,-,1.統計學; ,-,-,2,0,3,3,0,3,0,0,-
410179030,正常,正常,正常,正常,正常,正常,正常,正常,-,1.會計學; ,1.金融市場; ,-,-,-,-,-,0,3,3,0,0,0,0,0,-
410179031,正常,正常,正常,正常,正常,正常,正常,正常,-,-,-,-,-,-,-,-,0,0,0,0,0,0,0,0,-
410179033,正常,正常,正常,正常,正常,正常,正常,正常,1.會計學; ,1.體育：籃球; ,-,-,-,-,-,-,3,0,0,0,0,0,0,0,-
410179034,正常,正常,正常,正常,正常,正常,正常,正常,-,-,-,1.統計學; ,1.體育：室內飛輪; ,-,1.中國古今文字賞析; 2.作業管理; ,1.資訊管理; ,0,0,0,3,0,0,5,3,-
410179035,正常,正常,正常,正常,正常,正常,正常,正常,1.微積分; ,1.微積分; ,1.統計學; 2.國際企業管理; 3.組織理論與行為; 4.體育：桌球; ,1.作業研究; 2.德語聽講練習; ,-,1.統計學; 2.日文一年班; ,1.微積分; ,-,3,3,9,4,0,5,3,0,-
410179036,正常,正常,正常,正常,正常,正常,正常,正常,-,1.會計學; 2.微積分; ,1.統計學; 2.財務管理; 3.組織理論與行為; ,1.統計學; 2.總體經濟學; 3.體育：網球; ,-,1.微積分; ,-,-,0,6,9,6,0,3,0,0,-
410179037,正常,正常,正常,正常,正常,正常,正常,正常,-,-,1.統計學; ,1.統計學; ,1.金融市場; ,-,-,-,0,0,3,3,3,0,0,0,-
410179038,正常,正常,正常,正常,正常,正常,正常,正常,-,1.會計學; ,1.統計學; ,-,-,-,-,-,0,3,3,0,0,0,0,0,-
410179039,正常,正常,正常,正常,正常,正常,正常,正常,1.會計學; ,1.會計學; ,-,1.投資學; 2.作業研究; ,1.作業管理; ,-,-,-,3,3,0,6,3,0,0,0,-
410179040,正常,正常,正常,正常,正常,正常,正常,正常,1.會計學; ,-,1.財務管理; 2.組織理論與行為; 3.賽局理論（一）; ,-,1.作業管理; ,-,-,-,3,0,9,0,3,0,0,0,★★
410179041,正常,正常,正常,正常,正常,正常,正常,正常,1.會計學; 2.微積分; ,1.經濟學; 2.會計學; ,1.統計學; ,-,-,-,-,-,6,6,3,0,0,0,0,0,-
410179042,正常,正常,正常,正常,正常,正常,正常,正常,-,-,1.體育：桌球; ,-,-,-,-,-,0,0,0,0,0,0,0,0,-
410179043,正常,正常,正常,正常,正常,正常,正常,正常,1.科技新知導讀; ,1.會計學; ,1.統計學; 2.金融市場; ,1.統計學; 2.總體經濟學; ,-,1.生涯管理; ,-,1.國際政治與國際關係; ,2,3,6,6,0,2,0,2,-
410179044,正常,正常,正常,正常,正常,正常,正常,正常,-,-,1.統計學; ,1.統計學; ,-,-,-,-,0,0,3,3,0,0,0,0,-
410179045,正常,正常,正常,正常,正常,正常,正常,正常,-,-,-,-,1.金融市場; ,-,-,-,0,0,0,0,3,0,0,0,-
410179046,正常,正常,正常,正常,正常,正常,正常,正常,-,-,1.統計學; 2.金融市場; 3.體育：桌球; ,-,-,-,-,-,0,0,6,0,0,0,0,0,-
410179047,正常,正常,正常,正常,休學,休學,-,-,1.經濟學; ,1.經濟學; ,-,1.經濟學; 2.體育：羽球; ,-,-,-,-,3,3,0,3,0,0,0,0,-
410179048,正常,正常,正常,正常,正常,正常,正常,正常,-,-,1.金融市場; ,1.投資學; 2.體育：桌球; 3.總體經濟學; ,1.歷史; ,1.作業管理; 2.企業資源規劃; 3.歷史; ,-,-,0,0,3,6,2,8,0,0,-
410179049,正常,正常,正常,正常,正常,正常,正常,正常,-,-,-,-,-,-,-,-,0,0,0,0,0,0,0,0,-
410179050,正常,正常,正常,正常,正常,正常,正常,正常,-,-,1.體育：網球; ,-,-,-,-,-,0,0,0,0,0,0,0,0,-
410179051,正常,正常,正常,正常,正常,正常,正常,正常,-,-,1.組織理論與行為; 2.體育：桌球; ,1.投資學; 2.體育：桌球; ,-,-,-,-,0,0,3,3,0,0,0,0,-
410179052,正常,正常,-,-,-,-,-,-,-,-,-,-,-,-,-,-,0,0,0,0,0,0,0,0,-
410179053,正常,正常,正常,正常,正常,正常,正常,正常,-,-,-,-,-,-,-,-,0,0,0,0,0,0,0,0,-
410179054,正常,正常,正常,正常,正常,正常,正常,正常,-,-,1.組織理論與行為; ,-,-,1.統計學; ,-,-,0,0,3,0,0,3,0,0,-
410179055,正常,正常,正常,正常,正常,正常,正常,正常,1.微積分; ,1.會計學; ,-,1.總體經濟學; ,-,1.統計學; 2.資訊管理; ,-,-,3,3,0,3,0,6,0,0,-
410179056,正常,正常,休學,休學,正常,-,-,-,-,1.微積分; ,1.國際企業管理; 2.體育：游泳; ,-,1.財務管理; 2.歷史; ,-,-,-,0,3,3,0,5,0,0,0,-
410179057,正常,正常,正常,正常,正常,正常,正常,正常,-,-,-,-,-,1.體育：桌球; ,-,-,0,0,0,0,0,0,0,0,-
410179058,正常,正常,正常,正常,正常,正常,正常,-,-,-,-,-,1.作業管理; ,-,-,-,0,0,0,0,3,0,0,0,-
410179059,正常,正常,正常,正常,正常,正常,正常,正常,-,-,-,-,-,-,-,-,0,0,0,0,0,0,0,0,-
410179060,正常,正常,正常,正常,正常,正常,正常,正常,1.會計學; 2.微積分; ,1.微積分; ,1.金融市場; ,1.總體經濟學; ,-,-,-,-,6,3,3,3,0,0,0,0,-
410179061,正常,正常,正常,正常,正常,正常,正常,正常,-,1.創意與設計; ,-,-,1.作業管理; ,-,-,-,0,2,0,0,3,0,0,0,-
410179062,正常,正常,正常,正常,正常,正常,正常,正常,-,1.會計學; ,1.統計學; 2.組織理論與行為; 3.金融市場; 4.體育：桌球; ,1.體育：桌球; ,1.國際政治與國際關係; 2.天文的故事; ,-,-,-,0,3,9,0,4,0,0,0,-
410179063,正常,正常,正常,正常,正常,正常,正常,正常,1.會計學; ,1.會計學; ,1.統計學; ,1.期貨與選擇權; ,-,-,-,-,3,3,3,3,0,0,0,0,-
410179064,正常,正常,正常,正常,正常,正常,正常,正常,-,-,1.金融市場; ,-,1.歷史; ,-,1.人力資源管理專題; ,1.看影集學賽局; ,0,0,3,0,2,0,3,2,-
410179065,正常,正常,正常,正常,正常,正常,正常,正常,1.經濟學; 2.會計學; ,-,-,1.作業研究; ,-,-,-,1.體育：網球; ,6,0,0,3,0,0,0,0,-
410179066,正常,正常,正常,正常,正常,正常,正常,正常,-,-,-,1.投資學; 2.作業研究; ,-,-,-,-,0,0,0,6,0,0,0,0,★★★★ 亟需關懷
410179067,正常,正常,正常,正常,正常,正常,正常,正常,1.會計學; ,-,1.統計學; ,1.世界音樂與多元文化; ,-,1.資訊管理; ,-,-,3,0,3,2,0,3,0,0,-
410179068,正常,正常,正常,正常,正常,正常,正常,正常,-,-,-,-,-,-,-,-,0,0,0,0,0,0,0,0,-
410179069,正常,正常,正常,正常,正常,正常,正常,正常,-,-,1.體育：游泳; ,-,-,1.資訊管理; ,-,-,0,0,0,0,0,3,0,0,-
410179070,正常,正常,正常,正常,正常,正常,正常,正常,1.微積分; ,1.經濟學; 2.電腦概論; 3.微積分; 4.管理學; ,1.財務管理; ,1.體育：桌球; ,1.會計學; 2.國際政治與國際關係; 3.歐洲聯盟：跨國法律與政策; ,1.微積分; 2.西洋古典音樂賞析; 3.音樂劇欣賞; 4.會計學; ,-,-,3,11,3,0,7,10,0,0,-
410179071,正常,休學,正常,正常,正常,正常,正常,正常,1.會計學; ,-,-,1.經濟學; 2.會計學; 3.微積分; ,1.財務管理; ,1.統計學; 2.作業研究; ,-,-,3,0,0,9,3,6,0,0,-
410179072,正常,正常,正常,正常,正常,正常,正常,正常,-,-,-,-,-,-,-,-,0,0,0,0,0,0,0,0,-
410179073,正常,正常,正常,正常,正常,正常,正常,正常,1.微積分; ,1.會計學; ,1.統計學; 2.體育：桌球; ,-,-,1.投資學; 2.資訊管理; ,-,-,3,3,3,0,0,6,0,0,-
410179074,正常,正常,正常,正常,正常,正常,正常,正常,-,-,-,-,-,-,-,-,0,0,0,0,0,0,0,0,-
410179075,正常,正常,正常,正常,正常,正常,正常,正常,-,-,1.國際企業管理; 2.統計學; ,1.哲學概論; 2.作業研究; ,1.體育：桌球; ,1.經濟學; 2.企業資源規劃; 3.資訊管理; ,-,-,0,0,6,5,0,9,0,0,-
410179076,正常,正常,正常,正常,正常,正常,正常,正常,-,1.會計學; ,1.體育：桌球; ,-,1.國際政治與國際關係; ,-,-,-,0,3,0,0,2,0,0,0,-
410179077,休學,休學,-,-,-,-,-,-,-,-,-,-,-,-,-,-,0,0,0,0,0,0,0,0,-
410179078,正常,正常,正常,正常,正常,正常,正常,正常,-,-,-,-,-,-,-,1.供應鏈管理; ,0,0,0,0,0,0,0,3,-
410179079,正常,正常,正常,正常,正常,正常,正常,正常,-,1.會計學; ,1.財務管理; ,-,-,-,-,-,0,3,3,0,0,0,0,0,-
410179080,正常,正常,正常,正常,正常,正常,正常,正常,-,1.會計學; ,-,1.投資學; ,1.作業管理; ,1.歷史; ,1.作業管理; ,-,0,3,0,3,3,2,3,0,-
410179081,正常,正常,正常,正常,正常,正常,正常,正常,-,1.體育：籃球; ,1.組織理論與行為; ,-,-,-,1.顧客關係管理; 2.性別與休閒; ,1.體育：桌球; 2.商用英文; ,0,0,3,0,0,0,6,2,-
410179082,正常,正常,正常,正常,正常,正常,正常,正常,-,-,-,-,-,-,1.多元文化與社會正義; ,1.供應鏈管理; ,0,0,0,0,0,0,2,3,-
410179083,正常,正常,正常,正常,正常,正常,正常,正常,-,-,1.財務管理; 2.組織理論與行為; ,1.作業研究; ,1.作業管理; 2.國際政治與國際關係; 3.哲學概論; 4.財務管理; ,1.統計學; 2.體育：桌球; ,1.經濟閱讀; 2.組織理論與行為; 3.統計學; ,1.個人理財; ,0,0,6,3,10,3,8,3,-
410179084,正常,正常,正常,正常,正常,正常,正常,正常,-,1.會計學; ,-,-,-,-,-,-,0,3,0,0,0,0,0,0,★★★★ 亟需關懷
410179085,正常,正常,正常,正常,正常,正常,正常,正常,-,-,-,-,-,1.資訊管理; ,-,-,0,0,0,0,0,3,0,0,-
410179086,正常,正常,正常,正常,正常,正常,正常,正常,-,1.微積分; ,1.統計學; 2.財務管理; 3.組織理論與行為; ,1.統計學; 2.作業研究; ,1.作業管理; ,1.作業研究; ,-,-,0,3,9,6,3,3,0,0,-
410179087,正常,休學,休學,休學,休學,正常,正常,正常,-,-,-,-,-,-,-,1.世界音樂與多元文化; ,0,0,0,0,0,0,0,2,-
410179088,正常,正常,正常,正常,正常,正常,正常,正常,-,-,1.統計學; ,1.投資學; ,1.歷史; ,1.體育：桌球; 2.微積分; ,-,-,0,0,3,3,2,3,0,0,★★★★ 亟需關懷
410179089,正常,正常,正常,正常,正常,正常,正常,正常,-,-,-,-,-,-,-,-,0,0,0,0,0,0,0,0,-
410179090,正常,正常,正常,正常,正常,正常,正常,正常,-,-,-,-,-,-,-,-,0,0,0,0,0,0,0,0,★★
410179091,正常,正常,正常,正常,正常,正常,正常,正常,-,1.微積分; 2.會計學; ,1.統計學; ,1.統計學; ,-,1.資訊管理; ,-,-,0,6,3,3,0,3,0,0,★★★ 需關懷
410179092,正常,正常,正常,正常,正常,正常,正常,正常,-,-,-,1.總體經濟學; ,-,-,-,-,0,0,0,3,0,0,0,0,-
410179093,正常,正常,正常,正常,正常,正常,正常,正常,-,-,-,-,-,-,-,-,0,0,0,0,0,0,0,0,-
410179094,正常,正常,正常,正常,正常,正常,正常,正常,-,-,-,-,-,-,-,-,0,0,0,0,0,0,0,0,-
410179095,正常,正常,正常,正常,正常,正常,正常,正常,-,-,-,-,-,-,-,-,0,0,0,0,0,0,0,0,-
410179096,正常,正常,正常,正常,正常,正常,正常,正常,1.會計學; ,-,-,-,-,-,-,-,3,0,0,0,0,0,0,0,-
410179097,正常,正常,正常,正常,正常,正常,正常,正常,-,-,1.統計學; ,-,-,1.資訊管理; ,-,-,0,0,3,0,0,3,0,0,-
410179098,正常,正常,正常,正常,正常,正常,正常,正常,-,-,1.統計學; ,-,-,-,-,-,0,0,3,0,0,0,0,0,-
410179099,正常,正常,正常,正常,正常,正常,正常,正常,-,-,-,-,-,-,-,-,0,0,0,0,0,0,0,0,-
410179100,正常,正常,正常,正常,正常,正常,正常,正常,-,-,-,-,-,-,-,-,0,0,0,0,0,0,0,0,-
410179101,正常,正常,正常,正常,正常,正常,正常,正常,-,-,-,-,-,-,-,-,0,0,0,0,0,0,0,0,-
410179102,正常,正常,正常,正常,正常,正常,正常,正常,-,-,-,-,-,-,-,-,0,0,0,0,0,0,0,0,-
410179103,正常,正常,正常,正常,正常,正常,正常,正常,1.會計學; 2.微積分; ,1.會計學; 2.微積分; ,1.統計學; ,1.統計學; 2.作業研究; 3.體育：桌球; 4.總體經濟學; ,-,1.統計學; 2.資訊管理; ,-,-,6,6,3,9,0,6,0,0,-
410179104,正常,正常,正常,正常,正常,正常,正常,正常,-,-,-,-,-,-,-,-,0,0,0,0,0,0,0,0,-
410179105,正常,正常,正常,正常,正常,正常,正常,正常,1.經濟學; 2.會計學; ,-,1.金融市場; ,-,1.經濟學; ,1.經濟學; 2.統計學; ,1.經濟學; ,-,6,0,3,0,3,6,3,0,-
410179106,正常,正常,正常,正常,正常,正常,正常,正常,-,1.經濟學; ,-,-,1.歷史; ,-,-,1.西方音樂的軌跡; 2.供應鏈管理; ,0,3,0,0,2,0,0,5,-
410179107,正常,正常,正常,正常,正常,正常,正常,正常,-,1.微積分; ,1.統計學; ,1.投資學; 2.統計學; ,-,-,-,-,0,3,3,6,0,0,0,0,-
410179108,正常,正常,正常,正常,正常,正常,正常,正常,1.會計學; ,1.會計學; ,-,1.作業研究; ,1.社會統計實習; ,-,-,-,3,3,0,3,1,0,0,0,-
410179109,正常,正常,正常,正常,正常,正常,正常,正常,1.微積分; ,1.會計學; 2.微積分; ,1.統計學; ,1.總體經濟學; 2.作業研究; ,-,1.資訊管理; ,-,-,3,6,3,6,0,3,0,0,-
410179110,正常,正常,正常,正常,正常,正常,正常,正常,1.會計學; 2.生命意義與終極關懷; 3.微積分; ,1.微積分; 2.會計學; ,-,1.世界音樂與多元文化; 2.作業研究; ,1.作業管理; 2.歷史; ,1.通路管理; 2.歷史; ,-,-,8,6,0,5,5,5,0,0,-
410179111,正常,正常,正常,正常,正常,正常,正常,正常,-,-,-,-,-,-,-,-,0,0,0,0,0,0,0,0,-
410179112,正常,正常,正常,正常,正常,正常,正常,正常,-,1.微積分; ,1.中級會計學; ,1.中級會計學; ,-,1.作業管理; ,1.高級會計學; ,1.高級會計學; ,0,3,4,4,0,3,3,3,-
410179113,正常,正常,正常,正常,正常,正常,正常,正常,-,-,-,-,-,-,-,-,0,0,0,0,0,0,0,0,-
410179114,正常,正常,正常,正常,正常,正常,正常,正常,-,1.會計學; ,1.統計學; 2.體育：游泳; ,1.作業研究; ,-,1.統計學; ,-,-,0,3,3,3,0,3,0,0,-
410179115,正常,正常,正常,正常,正常,正常,正常,正常,-,-,-,-,-,-,-,-,0,0,0,0,0,0,0,0,-
410179116,正常,正常,正常,正常,正常,正常,正常,正常,-,-,-,-,-,-,-,-,0,0,0,0,0,0,0,0,-
410179117,正常,正常,休學,休學,休學,休學,正常,-,1.微積分; ,1.微積分; ,1.財務管理; 2.統計學; 3.體育：壘球; 4.電腦文書處理; ,1.投資學; 2.世界音樂與多元文化; 3.作業研究; ,1.體育：桌球; 2.財務管理; ,1.資訊系統分析與設計; 2.體育：桌球; 3.日文史學名著選讀; 4.國文; ,1.體育：桌球; 2.統計學; ,-,3,3,8,8,3,9,3,0,-
410179118,正常,正常,休學,休學,休學,休學,正常,正常,1.微積分; ,1.管理學; ,-,-,-,-,1.體育：桌球; 2.組織理論與行為; 3.統計學; ,1.生命科學與當代世界; ,3,3,0,0,0,0,6,2,-
410179119,正常,正常,正常,正常,正常,正常,正常,正常,-,-,-,-,-,-,-,-,0,0,0,0,0,0,0,0,-
410179120,正常,正常,正常,正常,正常,正常,正常,正常,-,-,-,-,-,-,-,-,0,0,0,0,0,0,0,0,-
410179121,正常,正常,正常,正常,正常,正常,正常,正常,-,-,-,-,-,-,-,-,0,0,0,0,0,0,0,0,-
410179122,正常,正常,正常,正常,正常,正常,正常,正常,-,-,-,-,-,-,-,-,0,0,0,0,0,0,0,0,-
410179123,正常,正常,正常,正常,正常,正常,正常,正常,-,-,-,-,-,-,-,-,0,0,0,0,0,0,0,0,-
410180001,正常,正常,正常,正常,正常,正常,正常,正常,-,1.經濟學; ,-,1.總體經濟學; ,-,-,-,1.西方音樂的軌跡; 2.世界音樂與多元文化; ,0,3,0,3,0,0,0,4,-
410180002,正常,正常,正常,正常,正常,正常,正常,正常,-,1.體育：排球; 2.經濟學; 3.大學英文：英語聽講練習; 4.大學英文; ,1.國際政治與國際關係; ,1.統計學; ,-,-,-,-,0,6,2,3,0,0,0,0,-
410180003,正常,正常,正常,正常,正常,正常,正常,正常,-,-,-,-,-,-,-,-,0,0,0,0,0,0,0,0,-
410180004,正常,正常,正常,正常,正常,正常,正常,正常,-,-,-,-,1.審計學; ,-,-,-,0,0,0,0,3,0,0,0,-
410180005,正常,正常,正常,正常,正常,正常,正常,正常,-,1.體育：排球; ,-,-,-,-,-,-,0,0,0,0,0,0,0,0,-
410180006,正常,正常,正常,正常,正常,正常,正常,正常,-,-,-,-,-,-,-,-,0,0,0,0,0,0,0,0,★★★★ 亟需關懷
410180007,正常,正常,正常,正常,正常,正常,正常,正常,-,-,1.國際政治與國際關係; ,-,1.金融法規與實務; ,-,-,-,0,0,2,0,3,0,0,0,-
410180008,正常,正常,正常,正常,正常,正常,正常,正常,-,-,-,-,-,-,-,-,0,0,0,0,0,0,0,0,-
410180009,正常,正常,正常,正常,正常,正常,正常,正常,-,-,-,-,1.審計學; ,-,-,-,0,0,0,0,3,0,0,0,★★★★ 亟需關懷
410180010,正常,正常,正常,正常,正常,正常,正常,正常,-,-,-,-,-,-,-,-,0,0,0,0,0,0,0,0,-
410180011,正常,正常,正常,正常,正常,正常,正常,正常,-,-,-,-,-,-,-,-,0,0,0,0,0,0,0,0,-
410180012,正常,正常,正常,正常,正常,正常,正常,正常,-,1.專業英文：文化與觀光; ,-,-,-,-,-,-,0,2,0,0,0,0,0,0,-
410180013,正常,正常,正常,正常,正常,正常,正常,正常,-,-,-,-,-,-,-,-,0,0,0,0,0,0,0,0,-
410180014,正常,正常,正常,正常,正常,正常,正常,正常,-,1.會計學; ,-,-,-,-,-,-,0,3,0,0,0,0,0,0,-
410180015,正常,正常,正常,正常,正常,正常,正常,正常,-,1.經濟學; 2.會計學; ,-,-,-,-,-,-,0,6,0,0,0,0,0,0,-
410180016,正常,正常,正常,正常,正常,正常,正常,正常,1.微積分; ,1.經濟學; 2.微積分; ,-,1.統計學; ,1.財務管理; 2.管理數學; 3.金融法規與實務; 4.經濟學; ,-,-,-,3,6,0,3,12,0,0,0,-
410180017,正常,正常,正常,正常,正常,正常,正常,正常,-,-,-,-,-,-,-,-,0,0,0,0,0,0,0,0,-
410180018,正常,正常,正常,正常,正常,正常,正常,正常,-,-,-,-,1.審計學; ,-,-,-,0,0,0,0,3,0,0,0,-
410180019,正常,正常,正常,正常,正常,正常,正常,正常,1.微積分; 2.經濟學; ,1.微積分; 2.經濟學; 3.會計學; 4.大學英文：英語聽講練習; 5.大學英文; ,-,1.統計學; ,-,-,-,-,6,12,0,3,0,0,0,0,-
410180020,正常,正常,正常,正常,正常,正常,正常,正常,-,1.經濟學; ,-,1.客家文化創意的發展; 2.統計學; ,-,-,-,-,0,3,0,5,0,0,0,0,-
410180021,正常,正常,正常,正常,正常,正常,正常,正常,-,-,-,-,-,-,-,-,0,0,0,0,0,0,0,0,-
410180022,正常,正常,正常,正常,正常,正常,正常,正常,-,-,-,-,-,-,-,-,0,0,0,0,0,0,0,0,-
410180023,正常,正常,正常,正常,正常,正常,正常,正常,-,1.經濟學; ,-,-,-,-,-,-,0,3,0,0,0,0,0,0,-
410180024,正常,正常,正常,正常,正常,正常,正常,正常,-,1.微積分; ,-,-,-,-,-,-,0,3,0,0,0,0,0,0,-
410180025,正常,正常,正常,正常,正常,正常,休學,休學,-,-,-,-,-,-,-,-,0,0,0,0,0,0,0,0,-
410180026,正常,正常,正常,正常,正常,正常,正常,正常,-,-,-,-,-,-,-,-,0,0,0,0,0,0,0,0,-
410180027,正常,正常,正常,正常,正常,正常,正常,正常,-,-,-,-,1.審計學; ,-,-,-,0,0,0,0,3,0,0,0,-
410180028,正常,正常,正常,正常,正常,正常,正常,正常,-,-,-,1.統計學; ,1.金融法規與實務; ,-,-,-,0,0,0,3,3,0,0,0,-
410180029,正常,正常,正常,正常,正常,正常,正常,正常,1.會計學; 2.經濟學; ,1.會計學; ,-,-,1.管理數學; ,-,-,-,6,3,0,0,3,0,0,0,-
410180030,正常,正常,正常,正常,正常,正常,正常,正常,-,-,-,-,1.金融法規與實務; ,-,-,-,0,0,0,0,3,0,0,0,-
410180031,正常,正常,正常,正常,正常,正常,正常,正常,-,-,-,1.統計學; ,-,-,-,-,0,0,0,3,0,0,0,0,-
410180032,正常,正常,正常,正常,正常,正常,正常,正常,-,-,-,-,-,-,-,-,0,0,0,0,0,0,0,0,-
410180033,正常,正常,正常,正常,正常,正常,正常,正常,-,1.經濟學; ,-,-,-,-,-,-,0,3,0,0,0,0,0,0,-
410180034,正常,正常,正常,正常,正常,正常,正常,正常,-,-,-,-,-,-,-,-,0,0,0,0,0,0,0,0,-
410180035,正常,正常,正常,正常,正常,正常,正常,正常,-,-,-,-,-,-,-,-,0,0,0,0,0,0,0,0,-
410180036,正常,正常,正常,正常,正常,正常,正常,正常,-,-,1.中級會計學; ,-,-,-,-,-,0,0,4,0,0,0,0,0,-
410180037,正常,正常,正常,正常,正常,正常,正常,正常,1.體育：網球; ,1.微積分; ,-,1.統計學; ,1.微積分; ,-,1.中國中古時期佛教史; 2.中國古今文字賞析; ,-,0,3,0,3,3,0,4,0,-
410180038,正常,正常,正常,正常,正常,正常,正常,正常,-,-,-,-,1.投資學; ,-,-,-,0,0,0,0,3,0,0,0,-
410180039,正常,正常,正常,正常,正常,正常,正常,正常,-,1.經濟學; ,-,-,-,-,-,-,0,3,0,0,0,0,0,0,-
410180040,正常,正常,正常,正常,正常,正常,正常,正常,-,-,-,-,-,-,-,-,0,0,0,0,0,0,0,0,-
410180041,正常,正常,正常,正常,正常,正常,正常,正常,-,-,-,-,-,-,-,-,0,0,0,0,0,0,0,0,-
410180042,正常,正常,正常,正常,正常,正常,正常,正常,-,-,-,-,-,-,-,-,0,0,0,0,0,0,0,0,-
410180043,正常,正常,正常,正常,正常,正常,正常,正常,-,1.大學英文：英語聽講練習; ,-,-,1.表演藝術賞析; ,-,-,-,0,1,0,0,2,0,0,0,-
410180044,正常,正常,正常,正常,正常,正常,正常,正常,1.經濟學; ,1.經濟學; 2.會計學; ,-,1.總體經濟學; ,-,-,-,-,3,6,0,3,0,0,0,0,-
410180045,正常,正常,正常,正常,正常,正常,正常,正常,-,-,-,-,-,-,-,-,0,0,0,0,0,0,0,0,-
410180046,正常,正常,正常,正常,正常,正常,正常,正常,-,-,-,-,-,-,-,-,0,0,0,0,0,0,0,0,-
410180047,正常,正常,正常,正常,正常,正常,正常,正常,-,-,-,1.統計學; ,-,-,-,-,0,0,0,3,0,0,0,0,-
410180048,正常,正常,正常,正常,正常,正常,正常,正常,-,1.體育：排球; ,1.體育：桌球; ,-,-,-,-,-,0,0,0,0,0,0,0,0,-
410180049,正常,正常,正常,正常,正常,正常,正常,正常,-,-,-,-,-,-,-,-,0,0,0,0,0,0,0,0,-
410180050,正常,正常,正常,正常,正常,正常,正常,正常,-,-,-,-,-,-,-,-,0,0,0,0,0,0,0,0,-
410180051,正常,正常,正常,正常,正常,正常,正常,正常,-,-,-,-,-,-,-,-,0,0,0,0,0,0,0,0,-
410180052,正常,正常,正常,正常,正常,正常,正常,正常,-,-,-,-,-,-,-,-,0,0,0,0,0,0,0,0,-
410180053,正常,正常,正常,正常,正常,正常,正常,正常,-,-,-,-,-,-,-,-,0,0,0,0,0,0,0,0,-
410180054,正常,正常,正常,正常,正常,正常,正常,正常,-,-,-,-,-,-,-,-,0,0,0,0,0,0,0,0,-
410180055,正常,正常,正常,正常,正常,正常,正常,正常,-,-,-,-,-,-,-,-,0,0,0,0,0,0,0,0,-
410181001,正常,正常,正常,正常,正常,正常,正常,正常,-,1.大學英文：英語聽講練習; ,-,-,-,-,-,-,0,1,0,0,0,0,0,0,-
410181003,正常,正常,正常,正常,正常,正常,正常,正常,1.德文; 2.德語聽講練習; ,-,1.佛學概論; 2.中國文學史; ,1.佛學概論; ,-,-,1.昭明文選; ,-,3,0,5,2,0,0,2,0,-
410181004,正常,正常,正常,正常,正常,正常,正常,正常,-,-,-,-,-,-,-,-,0,0,0,0,0,0,0,0,-
410181005,正常,正常,正常,正常,正常,正常,正常,正常,-,1.現代詩及習作; ,-,1.佛學概論; 2.體育：羽球; ,-,-,-,-,0,2,0,2,0,0,0,0,-
410181006,正常,正常,正常,正常,-,-,-,-,-,-,-,-,-,-,-,-,0,0,0,0,0,0,0,0,-
410181007,正常,正常,正常,正常,正常,正常,正常,正常,-,-,1.中國文學史; ,1.歷代文選及習作; 2.詩選及習作; ,-,-,1.左傳; 2.華語多媒體與電腦輔助教學; 3.聲韻學; ,1.左傳; 2.昭明文選; 3.修辭學; ,0,0,3,4,0,0,6,6,-
410181008,正常,正常,正常,正常,正常,正常,正常,正常,1.體育：網球; ,-,-,1.作業管理; ,1.微積分; ,1.微積分; ,-,-,0,0,0,3,3,3,0,0,-
410181009,正常,正常,正常,正常,-,-,-,-,-,1.體育：壘球; 2.套裝軟體及實習; ,1.民俗藝術導論; ,-,-,-,-,-,0,2,2,0,0,0,0,0,-
410181010,正常,正常,正常,正常,正常,正常,正常,正常,-,-,-,1.詩選及習作; ,-,-,-,-,0,0,0,2,0,0,0,0,-
410181011,正常,正常,正常,正常,正常,正常,正常,正常,-,-,-,-,-,-,-,-,0,0,0,0,0,0,0,0,-
410181012,正常,正常,正常,正常,正常,正常,正常,正常,-,-,-,1.歷代文選及習作; 2.體育：網球; ,1.現代小說及習作; ,-,-,-,0,0,0,2,2,0,0,0,-
410181015,正常,正常,正常,正常,正常,正常,正常,正常,-,-,1.土地法; ,-,-,-,-,-,0,0,2,0,0,0,0,0,-
410181016,正常,正常,正常,正常,正常,正常,正常,正常,-,-,-,-,-,-,-,-,0,0,0,0,0,0,0,0,-
410181017,正常,正常,正常,正常,正常,正常,正常,正常,-,-,-,1.中國文學史; 2.職場軟實力; ,-,-,-,-,0,0,0,5,0,0,0,0,-
410181018,正常,正常,正常,正常,正常,正常,正常,正常,-,-,-,-,-,-,-,1.藝術欣賞; ,0,0,0,0,0,0,0,2,★★★★ 亟需關懷
410181019,正常,正常,正常,正常,正常,正常,正常,正常,-,-,1.佛學概論; ,-,-,-,-,-,0,0,2,0,0,0,0,0,-
410181020,正常,正常,正常,正常,正常,正常,正常,正常,-,-,1.中國文學史; ,1.世界音樂與多元文化; 2.詩選及習作; ,-,-,1.報導與採訪; 2.中國思想史（二）; ,-,0,0,3,4,0,0,4,0,-
410181022,正常,正常,正常,正常,正常,正常,正常,正常,-,-,-,-,-,-,1.昭明文選; ,-,0,0,0,0,0,0,2,0,-
410181024,正常,正常,正常,正常,正常,正常,正常,正常,-,-,-,-,-,-,-,-,0,0,0,0,0,0,0,0,-
410181026,正常,正常,正常,正常,正常,正常,正常,休學,-,1.大學英文：英語聽講練習; ,1.佛學概論; 2.生命意義與終極關懷; ,1.章回小說選讀; 2.佛學概論; 3.詩選及習作; ,1.華語多媒體與電腦輔助教學; 2.中國文學史; ,-,1.左傳; 2.文化創意產業; ,1.體育：室內飛輪; ,0,1,4,6,5,0,4,0,-
410181027,正常,正常,正常,正常,正常,正常,正常,正常,-,-,-,1.章回小說選讀; ,-,1.天文的故事; ,-,-,0,0,0,2,0,2,0,0,-
410181031,正常,正常,正常,正常,正常,正常,正常,正常,-,-,1.佛學概論; 2.微積分; ,1.詩選及習作; ,-,-,-,-,0,0,5,2,0,0,0,0,-
410181032,正常,正常,正常,正常,正常,正常,正常,正常,-,-,-,-,-,-,-,-,0,0,0,0,0,0,0,0,-
410181033,正常,正常,正常,正常,正常,正常,正常,正常,-,1.大學英文：英語聽講練習; ,1.哲學概論; ,1.章回小說選讀; ,-,1.天文的故事; ,-,-,0,1,2,2,0,2,0,0,-
410181034,正常,正常,正常,正常,正常,正常,正常,正常,-,1.體育：網球; 2.大學英文：英語聽講練習; 3.大學英文; ,-,1.詩選及習作; ,1.華語多媒體與電腦輔助教學; 2.公共議題之經濟分析; ,-,-,-,0,3,0,2,4,0,0,0,-
410181035,正常,正常,正常,正常,正常,正常,正常,正常,-,1.體育：壘球; 2.大學英文：英語聽講練習; ,-,1.詩選及習作; ,-,-,-,-,0,1,0,2,0,0,0,0,-
410181036,正常,正常,正常,正常,正常,正常,正常,正常,-,-,-,1.詩選及習作; 2.行政法; ,-,-,-,1.修辭學; ,0,0,0,5,0,0,0,2,-
410181037,正常,正常,正常,正常,正常,正常,正常,正常,-,-,-,-,-,-,1.左傳; ,-,0,0,0,0,0,0,2,0,-
410181038,正常,正常,正常,正常,正常,正常,正常,正常,-,1.現代詩及習作; ,-,1.詩經; 2.詩選及習作; ,-,-,1.左傳; 2.現代小說及習作; ,-,0,2,0,4,0,0,4,0,-
410181039,正常,正常,正常,正常,正常,正常,正常,正常,-,-,-,1.歷代文選及習作; ,1.現代小說及習作; ,-,-,-,0,0,0,2,2,0,0,0,-
410181040,正常,正常,正常,正常,正常,正常,正常,正常,-,-,-,-,-,-,-,-,0,0,0,0,0,0,0,0,-
410181041,正常,正常,正常,正常,正常,正常,正常,正常,-,-,1.佛學概論; ,-,-,-,1.昭明文選; ,1.昭明文選; ,0,0,2,0,0,0,2,2,-
410181042,正常,正常,正常,正常,正常,正常,正常,正常,-,-,1.佛學概論; ,1.詩選及習作; ,-,-,-,-,0,0,2,2,0,0,0,0,-
410181044,正常,正常,正常,正常,正常,正常,正常,正常,-,-,-,-,-,-,1.昭明文選; ,-,0,0,0,0,0,0,2,0,-
410181045,正常,正常,正常,正常,正常,正常,正常,正常,-,-,-,-,-,-,-,-,0,0,0,0,0,0,0,0,-
410181046,正常,正常,正常,正常,正常,正常,正常,正常,-,-,1.中國文學史; ,1.詩選及習作; 2.經濟學; ,-,-,-,-,0,0,3,4,0,0,0,0,-
410181047,正常,正常,正常,正常,正常,正常,正常,正常,-,1.大學英文：英語聽講練習; ,1.歷代文選及習作; 2.中國文學史; ,-,1.中國文學史; ,1.體育：室內飛輪; ,1.詞選及習作; 2.藝術欣賞; 3.中國文學史; 4.中國思想史（二）; ,1.文心雕龍; 2.經學概論; ,0,1,5,0,3,0,10,5,-
410181048,正常,正常,正常,正常,正常,正常,正常,正常,-,-,-,-,-,-,-,-,0,0,0,0,0,0,0,0,-
410181049,正常,正常,正常,正常,正常,正常,正常,正常,-,1.大學英文：英語聽講練習; ,1.體育：游泳; 2.歷代文選及習作; 3.詩經; 4.中國文學史; ,1.詩經; ,1.綠色科技與生活; 2.中國文學史; 3.中國思想史（一）; ,1.體育：游泳; 2.宋明理學; ,1.詞選及習作; 2.中國思想史（二）; 3.歷代文選及習作; ,1.應用文學; ,0,1,7,2,7,2,7,2,-
410181050,正常,正常,正常,正常,正常,正常,正常,正常,1.電腦文書處理及實習; ,1.套裝軟體及實習; 2.體育：高爾夫球; ,1.佛學概論; ,-,-,1.體育：游泳; ,-,-,2,2,2,0,0,0,0,0,-
410181051,正常,正常,正常,正常,正常,正常,正常,正常,-,-,-,-,-,-,-,-,0,0,0,0,0,0,0,0,-
410181052,正常,正常,正常,正常,正常,正常,正常,正常,-,-,-,-,-,-,-,-,0,0,0,0,0,0,0,0,-
410182001,正常,正常,正常,正常,正常,正常,正常,正常,-,-,-,-,-,1.多媒體科技應用; ,-,-,0,0,0,0,0,2,0,0,★★★★ 亟需關懷
410182002,正常,正常,正常,正常,正常,正常,正常,正常,-,-,-,-,-,-,-,1.資訊管理; ,0,0,0,0,0,0,0,3,★★★ 需關懷
410182003,正常,正常,正常,正常,正常,正常,正常,正常,1.西洋文學概論; ,-,-,1.體育：桌球; ,1.體育：室內飛輪; ,1.臺灣史（二）; ,-,-,2,0,0,0,0,2,0,0,-
410182004,正常,正常,正常,正常,正常,正常,正常,正常,1.西洋文學概論; ,-,-,-,1.經濟學原理; ,-,-,-,2,0,0,0,4,0,0,0,-
410182005,正常,正常,正常,正常,正常,休學,正常,正常,1.發音練習; 2.進階文法與習作; 3.大一英文：進階閱讀; 4.英語字彙學; 5.國文：經典閱讀與詮釋; 6.文學作品導讀; ,1.文學作品導讀; 2.體育：網球; ,1.國文：經典閱讀與詮釋; 2.英國文學; ,1.全民國防教育軍事訓練課程：全民國防; 2.專業英語會話; 3.英文作文（１）; 4.國文：經典閱讀與詮釋; 5.英國文學; ,1.體育：桌球; ,-,1.學習策略與語言學習; 2.全民國防教育軍事訓練課程：國防科技; 3.運動導論; 4.哲學概論; 5.莎士比亞; ,-,13,2,5,11,0,0,10,0,-
410182006,正常,正常,正常,正常,正常,正常,正常,正常,-,-,-,-,-,-,-,-,0,0,0,0,0,0,0,0,★★★ 需關懷
410182007,正常,正常,正常,正常,正常,正常,正常,正常,1.文學作品導讀; 2.西洋文學概論; ,1.表演藝術賞析; 2.體育：網球; ,-,1.英文作文（１）; 2.生涯管理; 3.英國文學; ,1.體育：室內飛輪; 2.體育：桌球; 3.英文作文（２）; ,1.體育：太極拳; ,1.體育：室內飛輪; 2.當代英文小說; 3.英美詩歌選讀; 4.文化創意產業; 5.英語字彙學; ,1.英文作文（１）; 2.英美小說與改編評析; 3.美國文學(2); ,4,2,0,6,2,0,8,6,-
410182008,正常,正常,正常,-,-,-,-,-,-,-,-,-,-,-,-,-,0,0,0,0,0,0,0,0,-
410182009,正常,正常,正常,正常,正常,正常,正常,正常,1.西洋文學概論; ,1.體育：網球; ,-,1.英國文學; ,1.歐洲聯盟：跨國法律與政策; ,-,-,-,2,0,0,2,2,0,0,0,★
410182010,正常,正常,正常,正常,正常,正常,正常,正常,1.西洋文學概論; ,1.體育：網球; ,-,-,1.體育：室內飛輪; ,-,-,-,2,0,0,0,0,0,0,0,-
410182011,正常,正常,正常,正常,正常,正常,正常,正常,-,-,-,-,-,-,-,-,0,0,0,0,0,0,0,0,-
410182012,正常,正常,正常,正常,正常,正常,正常,正常,-,-,-,1.體育：桌球; ,-,1.微積分; ,1.個體經濟學; ,-,0,0,0,0,0,3,3,0,-
410182013,正常,正常,正常,正常,正常,正常,正常,正常,-,-,-,1.作業管理; ,-,-,-,-,0,0,0,3,0,0,0,0,-
410182014,正常,正常,正常,正常,正常,正常,正常,正常,-,-,-,1.英國文學; ,-,1.英文作文（２）; ,1.英美詩歌選讀; ,-,0,0,0,2,0,2,2,0,-
410182015,正常,正常,正常,正常,正常,正常,正常,正常,-,-,-,-,-,-,-,-,0,0,0,0,0,0,0,0,★
410182016,正常,正常,正常,正常,正常,正常,正常,正常,-,-,-,-,-,-,-,-,0,0,0,0,0,0,0,0,-
410182017,正常,正常,正常,正常,正常,正常,正常,正常,1.西洋文學概論; ,-,-,1.英文作文（１）; ,1.英文作文（２）; ,-,-,-,2,0,0,2,2,0,0,0,-
410182018,正常,正常,正常,正常,正常,正常,正常,正常,-,-,-,-,-,1.會計學; 2.微積分; ,-,-,0,0,0,0,0,6,0,0,-
410182019,正常,正常,正常,正常,正常,正常,正常,正常,-,-,-,-,1.體育：室內飛輪; ,-,1.英美詩歌選讀; ,-,0,0,0,0,0,0,2,0,-
410182020,正常,正常,正常,正常,正常,正常,正常,正常,1.西洋文學概論; ,-,-,-,-,-,-,-,2,0,0,0,0,0,0,0,-
410182021,正常,正常,正常,正常,正常,正常,正常,正常,-,-,-,-,-,-,-,-,0,0,0,0,0,0,0,0,-
410182022,正常,正常,正常,正常,正常,正常,正常,正常,1.西洋文學概論; ,-,-,-,-,1.公共議題之經濟分析; ,-,1.西方音樂的軌跡; ,2,0,0,0,0,2,0,2,-
410182023,正常,正常,正常,正常,正常,正常,正常,正常,-,-,1.體育：桌球; ,1.體育：桌球; ,-,-,-,-,0,0,0,0,0,0,0,0,-
410182024,正常,正常,正常,正常,正常,正常,正常,正常,1.文學作品導讀; 2.西洋文學概論; ,-,-,-,1.表演藝術賞析; ,-,-,-,4,0,0,0,2,0,0,0,★
410182025,正常,正常,正常,正常,正常,正常,正常,正常,-,-,-,-,-,-,-,-,0,0,0,0,0,0,0,0,-
410182026,正常,正常,正常,正常,正常,正常,正常,正常,-,-,-,-,-,-,1.體育：游泳; ,-,0,0,0,0,0,0,0,0,-
410182027,正常,正常,正常,正常,正常,正常,正常,正常,-,-,-,-,-,-,-,-,0,0,0,0,0,0,0,0,-
410182028,正常,正常,正常,正常,正常,正常,正常,正常,-,-,-,1.英國文學; ,-,-,-,-,0,0,0,2,0,0,0,0,-
410182029,正常,正常,正常,正常,正常,正常,正常,正常,-,-,-,-,-,-,-,-,0,0,0,0,0,0,0,0,-
410182030,正常,正常,正常,正常,正常,正常,正常,正常,-,-,-,-,-,-,-,-,0,0,0,0,0,0,0,0,-
410182031,正常,正常,正常,正常,正常,正常,休學,正常,1.西洋文學概論; ,-,-,-,-,-,-,-,2,0,0,0,0,0,0,0,-
410182032,正常,正常,正常,正常,正常,正常,正常,正常,-,-,-,-,-,-,-,-,0,0,0,0,0,0,0,0,-
410182033,正常,正常,正常,正常,正常,正常,正常,正常,-,-,-,-,-,-,-,-,0,0,0,0,0,0,0,0,-
410182034,正常,正常,正常,正常,正常,正常,正常,正常,-,-,-,-,-,-,-,-,0,0,0,0,0,0,0,0,-
410182035,正常,正常,正常,正常,正常,正常,正常,正常,-,-,-,1.體育：桌球; ,-,-,-,-,0,0,0,0,0,0,0,0,-
410182036,正常,正常,正常,正常,正常,正常,正常,正常,-,-,-,1.體育：桌球; ,-,-,-,-,0,0,0,0,0,0,0,0,-
410182037,正常,正常,正常,正常,正常,正常,正常,正常,-,-,1.英國文學; ,1.職場軟實力; ,-,-,-,-,0,0,2,2,0,0,0,0,-
410182038,正常,正常,正常,正常,正常,正常,正常,正常,-,-,-,-,-,-,-,-,0,0,0,0,0,0,0,0,-
410182039,正常,正常,正常,正常,正常,正常,正常,正常,-,-,-,-,-,-,-,-,0,0,0,0,0,0,0,0,-
410182040,正常,正常,正常,正常,正常,正常,正常,正常,-,-,-,-,-,-,-,-,0,0,0,0,0,0,0,0,★
410182041,正常,正常,正常,正常,正常,正常,正常,正常,-,-,-,-,-,-,-,-,0,0,0,0,0,0,0,0,-
410182042,正常,正常,正常,正常,正常,正常,正常,正常,-,-,-,-,1.體育：室內飛輪; ,1.體育：室內飛輪; ,-,-,0,0,0,0,0,0,0,0,-
410182043,正常,正常,正常,正常,正常,正常,正常,正常,-,-,-,-,-,-,-,-,0,0,0,0,0,0,0,0,-
410182044,正常,正常,正常,正常,正常,正常,正常,正常,-,-,-,-,-,-,-,-,0,0,0,0,0,0,0,0,-
410182045,正常,正常,正常,正常,正常,正常,正常,正常,-,-,-,-,-,-,1.行政學; ,-,0,0,0,0,0,0,3,0,-
410182046,正常,正常,正常,正常,正常,正常,正常,正常,-,-,-,-,-,-,-,-,0,0,0,0,0,0,0,0,-
410182047,正常,正常,正常,正常,正常,正常,正常,正常,-,-,-,-,-,-,-,-,0,0,0,0,0,0,0,0,-
410182048,正常,正常,正常,正常,正常,正常,正常,正常,-,-,-,-,-,-,-,-,0,0,0,0,0,0,0,0,-
410182049,正常,正常,正常,正常,正常,正常,正常,正常,-,-,-,-,-,-,-,-,0,0,0,0,0,0,0,0,-
410182050,正常,正常,正常,正常,-,-,-,-,-,-,-,-,-,-,-,-,0,0,0,0,0,0,0,0,-
410182051,正常,正常,正常,正常,正常,正常,正常,正常,-,-,-,-,-,-,-,-,0,0,0,0,0,0,0,0,-
410182052,正常,正常,正常,正常,正常,正常,正常,正常,-,-,-,-,-,-,-,-,0,0,0,0,0,0,0,0,-
410182053,正常,正常,正常,正常,正常,正常,正常,正常,-,-,-,-,-,-,-,-,0,0,0,0,0,0,0,0,-
410182054,正常,正常,正常,正常,正常,休學,休學,休學,1.西洋文學概論; ,-,1.英國文學; ,-,1.體育：桌球; ,-,-,-,2,0,2,0,0,0,0,0,-
410183016,正常,正常,正常,正常,正常,正常,正常,正常,-,-,-,-,-,-,1.高級會計學; ,-,0,0,0,0,0,0,3,0,-
410183027,正常,正常,正常,正常,正常,正常,正常,正常,-,-,-,-,-,-,-,-,0,0,0,0,0,0,0,0,-
410183040,正常,正常,正常,正常,正常,正常,正常,正常,-,-,1.社會工作概論; 2.社會福利概論; ,-,-,-,-,-,0,0,5,0,0,0,0,0,-
410184005,正常,正常,正常,正常,正常,正常,正常,正常,1.運動生理學; 2.會計學; ,1.國文：經典閱讀與詮釋; 2.游泳（一）; 3.行銷管理; ,1.社會思想史; 2.社會統計實習; ,1.體育：羽球; ,1.消費與社會; 2.社會心理學; 3.表演藝術賞析; ,1.障礙與社會; 2.性別與社會工作; ,1.體育：羽球; 2.服務學習與個人成長; 3.簡報製作與溝通; ,1.西方音樂的軌跡; 2.男性研究; ,6,7,4,0,8,6,4,5,-
410185006,正常,正常,正常,正常,正常,正常,正常,正常,1.計算機程式設計; ,1.物件導向程式設計; 2.線性代數; ,1.人口變遷與經濟議題; ,-,-,-,1.詞選及習作; 2.中國文學史; 3.聲韻學; ,1.人文科學的標誌語言; 2.文心雕龍; 3.修辭學; ,3,6,2,0,0,0,8,7,-
410185054,正常,正常,正常,正常,正常,正常,正常,正常,1.離散數學; 2.微積分; 3.計算機概論; 4.計算機程式設計; ,1.物理學; 2.物件導向程式設計; 3.線性代數; ,1.電子電路; 2.數位系統實驗; 3.微算機與組合語言; 4.資料結構; ,1.體育：羽球; 2.電子電路實驗; 3.線性代數; 4.大學英文; ,-,1.工程倫理; ,1.詞選及習作; 2.聲韻學; ,1.人文科學的標誌語言; 2.大學英文; ,12,9,10,6,0,1,5,4,-
49874297,正常,正常,-,-,-,-,-,-,-,-,-,-,-,-,-,-,0,0,0,0,0,0,0,0,-
49874499,正常,-,-,-,-,-,-,-,-,-,-,-,-,-,-,-,0,0,0,0,0,0,0,0,-
49877196,正常,-,-,-,-,-,-,-,-,-,-,-,-,-,-,-,0,0,0,0,0,0,0,0,-
49877197,正常,-,-,-,-,-,-,-,-,-,-,-,-,-,-,-,0,0,0,0,0,0,0,0,-
49879193,正常,-,-,-,-,-,-,-,-,-,-,-,-,-,-,-,0,0,0,0,0,0,0,0,-
49881088,正常,-,-,-,-,-,-,-,-,-,-,-,-,-,-,-,0,0,0,0,0,0,0,0,-
49881089,正常,-,-,-,-,-,-,-,-,-,-,-,-,-,-,-,0,0,0,0,0,0,0,0,-
49882097,正常,-,-,-,-,-,-,-,-,-,-,-,-,-,-,-,0,0,0,0,0,0,0,0,-
49974298,正常,正常,-,-,-,-,-,-,-,-,-,-,-,-,-,-,0,0,0,0,0,0,0,0,-
49974299,正常,-,-,-,-,-,-,-,-,-,-,-,-,-,-,-,0,0,0,0,0,0,0,0,-
49974499,正常,-,-,-,-,-,-,-,-,-,-,-,-,-,-,-,0,0,0,0,0,0,0,0,-
49977199,正常,正常,-,-,-,-,-,-,-,-,-,-,-,-,-,-,0,0,0,0,0,0,0,0,-
49979188,正常,正常,正常,正常,正常,正常,正常,正常,-,-,-,-,-,-,-,-,0,0,0,0,0,0,0,0,-
49979189,正常,正常,正常,正常,正常,正常,正常,正常,1.經濟學; ,-,-,-,-,-,-,-,3,0,0,0,0,0,0,0,-
49979190,正常,正常,正常,正常,正常,正常,正常,正常,1.經濟學; ,-,-,-,-,-,-,-,3,0,0,0,0,0,0,0,-
49979191,正常,正常,正常,正常,正常,正常,正常,正常,-,-,-,-,-,-,-,-,0,0,0,0,0,0,0,0,-
49979192,正常,正常,-,-,-,-,-,-,-,-,-,-,-,-,-,-,0,0,0,0,0,0,0,0,-
49979194,正常,正常,-,-,-,-,-,-,-,-,-,-,-,-,-,-,0,0,0,0,0,0,0,0,-
49979195,正常,正常,-,-,-,-,-,-,-,-,-,-,-,-,-,-,0,0,0,0,0,0,0,0,-
49979196,正常,-,-,-,-,-,-,-,-,-,-,-,-,-,-,-,0,0,0,0,0,0,0,0,-
49979197,正常,-,-,-,-,-,-,-,-,-,-,-,-,-,-,-,0,0,0,0,0,0,0,0,-
49979198,正常,-,-,-,-,-,-,-,-,-,-,-,-,-,-,-,0,0,0,0,0,0,0,0,-
49981074,正常,正常,-,-,-,-,-,-,-,-,-,-,-,-,-,-,0,0,0,0,0,0,0,0,-
49981075,正常,正常,-,-,-,-,-,-,-,-,-,-,-,-,-,-,0,0,0,0,0,0,0,0,-
49981076,正常,-,-,-,-,-,-,-,-,-,-,-,-,-,-,-,0,0,0,0,0,0,0,0,-
49981077,正常,-,-,-,-,-,-,-,-,-,-,-,-,-,-,-,0,0,0,0,0,0,0,0,-
49982054,正常,正常,正常,正常,正常,-,-,-,-,-,-,1.西洋古典音樂賞析; ,-,-,-,-,0,0,0,2,0,0,0,0,-
49982055,正常,正常,正常,正常,-,-,-,-,-,-,-,-,-,-,-,-,0,0,0,0,0,0,0,0,-
49982056,正常,正常,正常,正常,-,-,-,-,-,-,-,-,-,-,-,-,0,0,0,0,0,0,0,0,-
49982057,正常,正常,正常,正常,正常,正常,-,-,1.計算機概論; 2.國文：經典閱讀與詮釋; 3.視譯; ,1.大一英文：進階閱讀; ,1.體育：室內飛輪; ,1.英文作文（２）; 2.英語語音學; 3.體育：游泳; 4.體育：室內飛輪; ,1.當代英文小說; 2.體育：網球; 3.英文動詞的形與意; 4.體育：網球; 5.英語字彙學; ,1.體育：網球; 2.英語字彙學; ,-,-,8,2,0,4,6,2,0,0,-
49982058,正常,正常,休學,休學,休學,休學,-,-,-,-,-,-,-,-,-,-,0,0,0,0,0,0,0,0,-
49982059,正常,正常,正常,正常,-,-,-,-,-,-,1.國際經濟學; ,1.國際經濟學; ,-,-,-,-,0,0,2,2,0,0,0,0,-
49982060,正常,正常,正常,正常,-,-,-,-,-,-,-,-,-,-,-,-,0,0,0,0,0,0,0,0,-
49982061,正常,正常,正常,正常,正常,-,-,-,-,-,-,-,1.英美小說與改編評析; ,-,-,-,0,0,0,0,2,0,0,0,-
49982098,正常,正常,-,-,-,-,-,-,-,-,-,-,-,-,-,-,0,0,0,0,0,0,0,0,-
49983099,正常,-,-,-,-,-,-,-,-,-,-,-,-,-,-,-,0,0,0,0,0,0,0,0,-
